invoice_id,irn,invoice_date,document_type,supplier_name,supplier_gstin,supplier_pan,supplier_udyam,supplier_cluster,buyer_name,buyer_gstin,buyer_pan,buyer_state,buyer_city,product,hsn_code,quantity,unit_price,taxable_value,gst_rate,cgst_amount,sgst_amount,total_invoice_value,eway_bill_number,eway_bill_present,eway_bill_date,transport_mode,vehicle_number,eway_bill_closed,ewb_closure_date,itc_claimed_by_buyer,buyer_past_on_time,buyer_past_total,buyer_avg_days_late,buyer_turnover_trend,buyer_gstr3b_filing,outcome
SI/2401001,ac9c97239acf1bdac16019315ef00471b53dce37099d4ff79d3fb91e100e3117,2025-06-24,INV,Shree Ganesh Stampings,27AABCS1111A1Z5,AABCS1111A,UDYAM-MH-02-0012345,Pune-Chakan,Anchor Auto Components Pvt Ltd,27AABCA1234B1Z5,AABCA1234B,Maharashtra,Chakan,fasteners,7318,1000,45,45000,18,4050.0,4050.0,53100.0,196831611956,Yes,2025-06-24,Road,MH14WU9928,Yes,2025-06-24,Yes,5,6,19,growing,on_time,Repaid
SI/2401002,15d8686221a80adf9a3b0d67c1299168ad11d4732124ab3af73d6b2160915209,2025-04-25,INV,Sai Auto Components,27AABCS4444D1Z9,AABCS4444D,UDYAM-MH-02-0045678,Pune-Chakan,Kisan Motors India Pvt Ltd,27AABCK3456H1Z9,AABCK3456H,Maharashtra,Aurangabad,springs,7320,10000,65,650000,18,58500.0,58500.0,767000.0,,No,,,,No,,No,2,6,59,declining,late,Repaid
SI/2401003,f35da98103b1b3247249e34283269cd4fdc20a029b6ce0c2ad99e2ea3159dd1e,2025-04-24,INV,Shree Ganesh Stampings,27AABCS1111A1Z5,AABCS1111A,UDYAM-MH-02-0012345,Pune-Chakan,Verma Udyog Pvt Ltd,27AABCV2345L1Z5,AABCV2345L,Maharashtra,Chakan,bushings,8483,10000,65,650000,18,58500.0,58500.0,767000.0,516278088865,Yes,2025-04-24,Road,MH12BV4733,Yes,2025-04-25,No,1,6,48,declining,very_late,Defaulted
SI/2401004,69a127c2c0c5f4729bbb88865eb33c8619e7afa1f86287a50ac1283a861eddb5,2025-08-15,INV,Jay Bhavani Engineering,27AABCJ3333C1Z1,AABCJ3333C,UDYAM-MH-02-0034567,Pimpri-Chinchwad,Metro Forgings & Stampings Ltd,27AABCM5678D1Z3,AABCM5678D,Maharashtra,Pimpri-Chinchwad,castings,7325,500,120,60000,18,5400.0,5400.0,70800.0,277660601409,Yes,2025-08-15,Road,MH14RX5010,Yes,2025-08-15,Yes,4,6,3,stable,on_time,Repaid
SI/2401005,261f99e06573d2cf980012752a58496953b524ddb40fe42d764363493d44632c,2025-09-27,INV,Mahalaxmi Precision Parts,27AABCM2222B1Z3,AABCM2222B,UDYAM-MH-02-0023456,Pune-Chakan,National Auto Accessories Ltd,27AABCN1234P1Z1,AABCN1234P,Maharashtra,Nashik,gaskets,8484,2000,45,90000,18,8100.0,8100.0,106200.0,349348354829,Yes,2025-09-27,Road,MH04GU9179,No,,No,4,6,32,stable,on_time,Repaid
SI/2401006,26492ef0d95e50f437886f6cfede853970e3993fa57e974f63a6af1c82c6bac2,2025-07-24,INV,Sai Auto Components,27AABCS4444D1Z9,AABCS4444D,UDYAM-MH-02-0045678,Pune-Chakan,National Auto Accessories Ltd,27AABCN1234P1Z1,AABCN1234P,Maharashtra,Nashik,forgings,7207,2000,35,70000,18,6300.0,6300.0,82600.0,921467220156,Yes,2025-07-24,Road,MH02CY1771,No,,No,3,6,34,stable,on_time,Repaid
SI/2401007,2cba750703dbc0ca35b95c274494f87d5610e7ce45b0353f81154d80a59e05e7,2025-10-13,INV,Shree Ganesh Stampings,27AABCS1111A1Z5,AABCS1111A,UDYAM-MH-02-0012345,Pune-Chakan,Reliable Engineering Works,27AABCR9012F1Z1,AABCR9012F,Maharashtra,Pune,forgings,7207,5000,25,125000,18,11250.0,11250.0,147500.0,681830843906,Yes,2025-10-13,Road,MH04DJ8123,Yes,2025-10-13,Yes,6,6,35,stable,on_time,Repaid
SI/2401008,43a82af33e2c3c5228f9aa50af413c2d8056204a027687c5d2c48413d01abdb8,2025-12-04,INV,Mahalaxmi Precision Parts,27AABCM2222B1Z3,AABCM2222B,UDYAM-MH-02-0023456,Pune-Chakan,National Auto Accessories Ltd,27AABCN1234P1Z1,AABCN1234P,Maharashtra,Nashik,brackets,7326,2000,35,70000,18,6300.0,6300.0,82600.0,656795048359,Yes,2025-12-04,Road,MH12TK9005,No,,Yes,4,6,17,stable,on_time,Repaid
SI/2401009,fc9ca91b84bf9efbcde1870ed4a833734715ff9aa6467157585e4edf5903295b,2025-04-08,INV,Shree Ganesh Stampings,27AABCS1111A1Z5,AABCS1111A,UDYAM-MH-02-0012345,Pune-Chakan,Metro Forgings & Stampings Ltd,27AABCM5678D1Z3,AABCM5678D,Maharashtra,Pimpri-Chinchwad,bushings,8483,2000,45,90000,18,8100.0,8100.0,106200.0,189966462838,Yes,2025-04-08,Road,MH02RF5342,Yes,2025-04-09,Yes,6,6,16,stable,on_time,Repaid
SI/2401010,67184f0c1fcb0f33009f50645e1e0d99c4023e767e4f3e2e16f47d6113210fb9,2025-08-13,INV,Gurukrupa Metal Works,27AABCG5555E1Z7,AABCG5555E,UDYAM-MH-02-0056789,Chakan,Precision Parts Manufacturing,27AABCP6789N1Z3,AABCP6789N,Maharashtra,Chakan,castings,7325,10000,45,450000,18,40500.0,40500.0,531000.0,510813098126,Yes,2025-08-13,Road,MH14SH1117,Yes,2025-08-14,Yes,5,6,20,growing,on_time,Repaid
SI/2401011,cb533a69b0e5c609109c3b7a9c06d7c68db08259459d1c6631dcc6764524c124,2025-09-03,INV,Shree Ganesh Stampings,27AABCS1111A1Z5,AABCS1111A,UDYAM-MH-02-0012345,Pune-Chakan,Anchor Auto Components Pvt Ltd,27AABCA1234B1Z5,AABCA1234B,Maharashtra,Chakan,castings,7325,500,15,7500,18,675.0,675.0,8850.0,835635458363,Yes,2025-09-03,Road,MH02ZN4119,Yes,2025-09-03,Yes,6,6,0,growing,on_time,Repaid
SI/2401012,8be963dd9e35ea3440ad8da3b1b41d983d5c85cfe0941873ed79d830670d1fa4,2025-10-15,INV,Shree Ganesh Stampings,27AABCS1111A1Z5,AABCS1111A,UDYAM-MH-02-0012345,Pune-Chakan,Metro Forgings & Stampings Ltd,27AABCM5678D1Z3,AABCM5678D,Maharashtra,Pimpri-Chinchwad,gaskets,8484,2000,120,240000,18,21600.0,21600.0,283200.0,838967038374,Yes,2025-10-15,Road,MH14GR8350,Yes,2025-10-15,Yes,4,6,0,stable,on_time,Repaid
SI/2401013,cc3d6ef52663a5f42743837c7e5bbcf6a6079bcef208bbe030aaeb6a0c97b0d2,2025-07-28,INV,Mahalaxmi Precision Parts,27AABCM2222B1Z3,AABCM2222B,UDYAM-MH-02-0023456,Pune-Chakan,Precision Parts Manufacturing,27AABCP6789N1Z3,AABCP6789N,Maharashtra,Chakan,forgings,7207,2000,180,360000,18,32400.0,32400.0,424800.0,986666495028,Yes,2025-07-28,Road,MH12YH3724,No,,Yes,6,6,23,growing,on_time,Repaid
SI/2401014,b8d24d3ed03f9d1c10be69895e1acd708879c41f7145b850cbcd2a0121b08be3,2025-04-06,INV,Sai Auto Components,27AABCS4444D1Z9,AABCS4444D,UDYAM-MH-02-0045678,Pune-Chakan,National Auto Accessories Ltd,27AABCN1234P1Z1,AABCN1234P,Maharashtra,Nashik,springs,7320,1000,120,120000,18,10800.0,10800.0,141600.0,529433631560,Yes,2025-04-06,Road,MH02EG5861,Yes,2025-04-07,Yes,3,6,14,stable,on_time,Repaid
SI/2401015,3f432ed050ac386f50d2bd77fdb4a6387f03b61163503dd9edb687ef14489978,2025-04-19,INV,Mahalaxmi Precision Parts,27AABCM2222B1Z3,AABCM2222B,UDYAM-MH-02-0023456,Pune-Chakan,Anchor Auto Components Pvt Ltd,27AABCA1234B1Z5,AABCA1234B,Maharashtra,Chakan,brackets,7326,2000,15,30000,18,2700.0,2700.0,35400.0,274079861243,Yes,2025-04-19,Road,MH02DS5033,Yes,2025-04-19,Yes,5,6,9,growing,on_time,Repaid
SI/2401016,40fde3d1264b2570bce9526cf5943923716677cf2780a652201654de60ba676f,2025-08-07,INV,Gurukrupa Metal Works,27AABCG5555E1Z7,AABCG5555E,UDYAM-MH-02-0056789,Chakan,Anchor Auto Components Pvt Ltd,27AABCA1234B1Z5,AABCA1234B,Maharashtra,Chakan,stampings,7326,5000,85,425000,18,38250.0,38250.0,501500.0,363342414490,Yes,2025-08-07,Road,MH12AO2638,Yes,2025-08-07,Yes,5,6,16,growing,on_time,Repaid
SI/2401017,f1d73a2e5ab0b3a25e0ec0ee55e5b6c79223f1514a92e611a7012e54bd24f9b9,2025-05-08,INV,Shree Ganesh Stampings,27AABCS1111A1Z5,AABCS1111A,UDYAM-MH-02-0012345,Pune-Chakan,Kisan Motors India Pvt Ltd,27AABCK3456H1Z9,AABCK3456H,Maharashtra,Aurangabad,fasteners,7318,1000,85,85000,18,7650.0,7650.0,100300.0,581713854648,Yes,2025-05-08,Road,MH12VR5905,No,,No,0,6,35,declining,late,Repaid
SI/2401018,6c03e6fcaac7e48f259840df12e4e819e9f3598acf32ce72634f2b8d0a351475,2025-12-05,INV,Shree Ganesh Stampings,27AABCS1111A1Z5,AABCS1111A,UDYAM-MH-02-0012345,Pune-Chakan,Reliable Engineering Works,27AABCR9012F1Z1,AABCR9012F,Maharashtra,Pune,fasteners,7318,500,25,12500,18,1125.0,1125.0,14750.0,330230991019,Yes,2025-12-05,Road,MH12CU7939,No,,Yes,4,6,16,stable,on_time,Repaid
SI/2401019,a486b94f7198bd57f82705c1c4ba27430f054fdbc8b106b79d22a213cf792098,2025-08-06,INV,Jay Bhavani Engineering,27AABCJ3333C1Z1,AABCJ3333C,UDYAM-MH-02-0034567,Pimpri-Chinchwad,Anchor Auto Components Pvt Ltd,27AABCA1234B1Z5,AABCA1234B,Maharashtra,Chakan,brackets,7326,2000,35,70000,18,6300.0,6300.0,82600.0,875463562649,Yes,2025-08-06,Road,MH12LS3426,Yes,2025-08-06,Yes,6,6,2,growing,on_time,Repaid
SI/2401020,cd736e903f3136e13f8c3cb348781ec8b51ff8c0566d11582e66bae001bc6d2b,2025-04-12,INV,Sai Auto Components,27AABCS4444D1Z9,AABCS4444D,UDYAM-MH-02-0045678,Pune-Chakan,Reliable Engineering Works,27AABCR9012F1Z1,AABCR9012F,Maharashtra,Pune,brackets,7326,2000,85,170000,18,15300.0,15300.0,200600.0,831216162375,Yes,2025-04-12,Road,MH14ZZ3900,Yes,2025-04-13,No,4,6,0,stable,on_time,Repaid
SI/2401021,8d789bd2aaacf6c7ba1477dab3471f13e4d69934de1bd4c73595774f630c5e73,2025-07-09,INV,Sai Auto Components,27AABCS4444D1Z9,AABCS4444D,UDYAM-MH-02-0045678,Pune-Chakan,Anchor Auto Components Pvt Ltd,27AABCA1234B1Z5,AABCA1234B,Maharashtra,Chakan,forgings,7207,2000,120,240000,18,21600.0,21600.0,283200.0,218976083876,Yes,2025-07-09,Road,MH04ZH4652,Yes,2025-07-09,Yes,5,6,26,growing,on_time,Repaid
SI/2401022,b5266106193fe771787650be8e878919c5d834b362b17780a8449e5581dba4e7,2025-05-25,INV,Shree Ganesh Stampings,27AABCS1111A1Z5,AABCS1111A,UDYAM-MH-02-0012345,Pune-Chakan,Kisan Motors India Pvt Ltd,27AABCK3456H1Z9,AABCK3456H,Maharashtra,Aurangabad,gaskets,8484,2000,65,130000,18,11700.0,11700.0,153400.0,661100891573,Yes,2025-05-25,Road,MH04FS5349,No,,No,0,6,49,declining,late,Defaulted
SI/2401023,edca7bd23aff23dadc218ca4c785929861b98de9c815e00b790da4bac1714e0b,2025-10-20,INV,Shree Ganesh Stampings,27AABCS1111A1Z5,AABCS1111A,UDYAM-MH-02-0012345,Pune-Chakan,Metro Forgings & Stampings Ltd,27AABCM5678D1Z3,AABCM5678D,Maharashtra,Pimpri-Chinchwad,gaskets,8484,2000,85,170000,18,15300.0,15300.0,200600.0,521403489881,Yes,2025-10-20,Road,MH14LN2146,No,,Yes,5,6,20,stable,on_time,Repaid
SI/2401024,c7bb1fc4909fec5b86918c9909c89ea421423e5d9aa83047c26a7367642e474b,2025-10-11,INV,Jay Bhavani Engineering,27AABCJ3333C1Z1,AABCJ3333C,UDYAM-MH-02-0034567,Pimpri-Chinchwad,Verma Udyog Pvt Ltd,27AABCV2345L1Z5,AABCV2345L,Maharashtra,Chakan,stampings,7326,2000,65,130000,18,11700.0,11700.0,153400.0,706860218144,Yes,2025-10-11,Road,MH04MR1006,No,,No,3,6,56,declining,very_late,Repaid
SI/2401025,76c2d42384d573a1fd9b181cba1746209877a6ff216f0f4fd014c2484baf361c,2025-11-15,INV,Jay Bhavani Engineering,27AABCJ3333C1Z1,AABCJ3333C,UDYAM-MH-02-0034567,Pimpri-Chinchwad,Shakti Castings & Alloys,27AABCS7890J1Z7,AABCS7890J,Maharashtra,Pune,castings,7325,5000,85,425000,18,38250.0,38250.0,501500.0,659263589018,Yes,2025-11-15,Road,MH04CY4848,No,,No,3,6,42,declining,late,Defaulted
SI/2401026,6a9922d6e9eb662ef521e42e62aa8a52efd10c3898ab79bf80eda1e3c6d92149,2025-04-08,INV,Jay Bhavani Engineering,27AABCJ3333C1Z1,AABCJ3333C,UDYAM-MH-02-0034567,Pimpri-Chinchwad,Kisan Motors India Pvt Ltd,27AABCK3456H1Z9,AABCK3456H,Maharashtra,Aurangabad,castings,7325,1000,15,15000,18,1350.0,1350.0,17700.0,,No,,,,No,,No,2,6,44,declining,late,Repaid
SI/2401027,9bd9d40f40be0f767b3b928320a10d16f56442c2aa4a8c216d8472316605e8e3,2025-05-25,INV,Sai Auto Components,27AABCS4444D1Z9,AABCS4444D,UDYAM-MH-02-0045678,Pune-Chakan,Precision Parts Manufacturing,27AABCP6789N1Z3,AABCP6789N,Maharashtra,Chakan,castings,7325,1000,15,15000,18,1350.0,1350.0,17700.0,981223723215,Yes,2025-05-25,Road,MH02EZ8612,No,,Yes,5,6,14,growing,on_time,Repaid
SI/2401028,982f93c4ea0f9bbef4351bf4b05c9a8875b9ca761e220c2b0fad0da745653ee1,2025-12-15,INV,Gurukrupa Metal Works,27AABCG5555E1Z7,AABCG5555E,UDYAM-MH-02-0056789,Chakan,Verma Udyog Pvt Ltd,27AABCV2345L1Z5,AABCV2345L,Maharashtra,Chakan,springs,7320,10000,120,1200000,18,108000.0,108000.0,1416000.0,,No,,,,No,,No,1,6,63,declining,very_late,Defaulted
SI/2401029,d5c905d6207d42b00e375a90d526f1378e8ef5b3f8d8101e63d6c0c0dec5f238,2025-08-08,INV,Sai Auto Components,27AABCS4444D1Z9,AABCS4444D,UDYAM-MH-02-0045678,Pune-Chakan,Kisan Motors India Pvt Ltd,27AABCK3456H1Z9,AABCK3456H,Maharashtra,Aurangabad,fasteners,7318,5000,25,125000,18,11250.0,11250.0,147500.0,188219282055,Yes,2025-08-08,Road,MH04RO7812,Yes,2025-08-08,Yes,3,6,60,declining,late,Repaid
SI/2401030,ec1b7de81615b36554911d8fcbcdeec9eb7f3ea1292b4c1891b450c0f9882bf9,2025-10-16,INV,Shree Ganesh Stampings,27AABCS1111A1Z5,AABCS1111A,UDYAM-MH-02-0012345,Pune-Chakan,Kisan Motors India Pvt Ltd,27AABCK3456H1Z9,AABCK3456H,Maharashtra,Aurangabad,gaskets,8484,5000,15,75000,18,6750.0,6750.0,88500.0,427928307068,Yes,2025-10-16,Road,MH14PH5471,No,,No,3,6,51,declining,late,Repaid
SI/2401031,25c4bc9762b4083ddcbe3c1e3abba8d9fa3f337b93f327dc496fefc66d3ed87f,2025-10-24,INV,Sai Auto Components,27AABCS4444D1Z9,AABCS4444D,UDYAM-MH-02-0045678,Pune-Chakan,National Auto Accessories Ltd,27AABCN1234P1Z1,AABCN1234P,Maharashtra,Nashik,brackets,7326,5000,85,425000,18,38250.0,38250.0,501500.0,686788125561,Yes,2025-10-24,Road,MH02FB5262,Yes,2025-10-25,Yes,4,6,26,stable,on_time,Repaid
SI/2401032,555c2b5df7d27780de870b536cf64f07fd494a2e866db1b30b125fe4c96b6fe5,2025-09-25,INV,Sai Auto Components,27AABCS4444D1Z9,AABCS4444D,UDYAM-MH-02-0045678,Pune-Chakan,Verma Udyog Pvt Ltd,27AABCV2345L1Z5,AABCV2345L,Maharashtra,Chakan,castings,7325,5000,85,425000,18,38250.0,38250.0,501500.0,,No,,,,No,,Yes,3,6,58,declining,very_late,Repaid
SI/2401033,2b43e4f41c7d004044b59030cff3e416e8405c23b226095c9377ae8707fc668e,2025-04-08,INV,Shree Ganesh Stampings,27AABCS1111A1Z5,AABCS1111A,UDYAM-MH-02-0012345,Pune-Chakan,Verma Udyog Pvt Ltd,27AABCV2345L1Z5,AABCV2345L,Maharashtra,Chakan,castings,7325,500,15,7500,18,675.0,675.0,8850.0,782987331574,Yes,2025-04-08,Road,MH04YL3749,No,,Yes,1,6,50,declining,very_late,Defaulted
SI/2401034,4360a764427962ba719a68f07ff27b232d0dbd8004bbdeb8a8b5ebcf040bae7d,2025-04-10,INV,Gurukrupa Metal Works,27AABCG5555E1Z7,AABCG5555E,UDYAM-MH-02-0056789,Chakan,Metro Forgings & Stampings Ltd,27AABCM5678D1Z3,AABCM5678D,Maharashtra,Pimpri-Chinchwad,forgings,7207,2000,25,50000,18,4500.0,4500.0,59000.0,535403628009,Yes,2025-04-10,Road,MH04VT2983,No,,Yes,3,6,7,stable,on_time,Repaid
SI/2401035,b89f6e2e4351b3d742d7bcb5cd666b5666e65a62ec5d708adee65266bc351e64,2025-09-03,INV,Gurukrupa Metal Works,27AABCG5555E1Z7,AABCG5555E,UDYAM-MH-02-0056789,Chakan,Anchor Auto Components Pvt Ltd,27AABCA1234B1Z5,AABCA1234B,Maharashtra,Chakan,bushings,8483,10000,120,1200000,18,108000.0,108000.0,1416000.0,114350478636,Yes,2025-09-03,Road,MH14NF9548,Yes,2025-09-04,Yes,6,6,4,growing,on_time,Repaid
SI/2401036,4a836cd6eb30615bea56ffeefd9ab08ea8b9044976adec104124933dd2d7f815,2025-09-28,INV,Jay Bhavani Engineering,27AABCJ3333C1Z1,AABCJ3333C,UDYAM-MH-02-0034567,Pimpri-Chinchwad,National Auto Accessories Ltd,27AABCN1234P1Z1,AABCN1234P,Maharashtra,Nashik,springs,7320,5000,65,325000,18,29250.0,29250.0,383500.0,198503450940,Yes,2025-09-28,Road,MH12PK3979,Yes,2025-09-28,Yes,3,6,33,stable,on_time,Repaid
SI/2401037,401faf3c95774b1a42e689b85c6f4d28b7b4944cadf15586feb0de868198ca8c,2025-08-20,INV,Sai Auto Components,27AABCS4444D1Z9,AABCS4444D,UDYAM-MH-02-0045678,Pune-Chakan,Kisan Motors India Pvt Ltd,27AABCK3456H1Z9,AABCK3456H,Maharashtra,Aurangabad,bushings,8483,2000,85,170000,18,15300.0,15300.0,200600.0,,No,,,,No,,Yes,4,6,56,declining,late,Defaulted
SI/2401038,6dc8786959915ec3a4755d1ab62923d9be78112078978ab6d4e46ea1a73f1682,2025-08-08,INV,Sai Auto Components,27AABCS4444D1Z9,AABCS4444D,UDYAM-MH-02-0045678,Pune-Chakan,National Auto Accessories Ltd,27AABCN1234P1Z1,AABCN1234P,Maharashtra,Nashik,springs,7320,500,25,12500,18,1125.0,1125.0,14750.0,436052436803,Yes,2025-08-08,Road,MH04LW8434,No,,Yes,3,6,26,stable,on_time,Repaid
SI/2401039,05bfdd31ff3fb9c6312a0b27812a06af64ff2f463c05db97291c45c9306d97b3,2025-07-11,INV,Jay Bhavani Engineering,27AABCJ3333C1Z1,AABCJ3333C,UDYAM-MH-02-0034567,Pimpri-Chinchwad,Shakti Castings & Alloys,27AABCS7890J1Z7,AABCS7890J,Maharashtra,Pune,fasteners,7318,1000,25,25000,18,2250.0,2250.0,29500.0,859187823548,Yes,2025-07-11,Road,MH04DG5853,Yes,2025-07-11,No,2,6,61,declining,late,Repaid
SI/2401040,191a8958bdfee8aaaf45fa9448d51ce42fd6268f1b16d748e079f8a5d6af49fe,2025-12-05,INV,Mahalaxmi Precision Parts,27AABCM2222B1Z3,AABCM2222B,UDYAM-MH-02-0023456,Pune-Chakan,Verma Udyog Pvt Ltd,27AABCV2345L1Z5,AABCV2345L,Maharashtra,Chakan,forgings,7207,2000,15,30000,18,2700.0,2700.0,35400.0,160019139722,Yes,2025-12-05,Road,MH12SJ8690,No,,No,3,6,76,declining,very_late,Defaulted
SI/2401041,e5bf95b3961ea74189f2903cfec9f895e2c905b0f3d6dac06dcf93d0794be154,2025-08-28,INV,Sai Auto Components,27AABCS4444D1Z9,AABCS4444D,UDYAM-MH-02-0045678,Pune-Chakan,National Auto Accessories Ltd,27AABCN1234P1Z1,AABCN1234P,Maharashtra,Nashik,bushings,8483,1000,15,15000,18,1350.0,1350.0,17700.0,172250436572,Yes,2025-08-28,Road,MH04CH2940,Yes,2025-08-28,Yes,4,6,24,stable,on_time,Repaid
SI/2401042,a0f5a0f4844fa63261342c9d9127cb44ebd3ce02e72abdd8d1053c272d7265de,2025-11-15,INV,Gurukrupa Metal Works,27AABCG5555E1Z7,AABCG5555E,UDYAM-MH-02-0056789,Chakan,Precision Parts Manufacturing,27AABCP6789N1Z3,AABCP6789N,Maharashtra,Chakan,castings,7325,10000,120,1200000,18,108000.0,108000.0,1416000.0,436849259207,Yes,2025-11-15,Road,MH14IV2330,Yes,2025-11-15,Yes,5,6,0,growing,on_time,Repaid
SI/2401043,e8d97276595824cd1f38a6153d03225566b009d283aea4c27958e046667978b4,2025-06-01,INV,Mahalaxmi Precision Parts,27AABCM2222B1Z3,AABCM2222B,UDYAM-MH-02-0023456,Pune-Chakan,Kisan Motors India Pvt Ltd,27AABCK3456H1Z9,AABCK3456H,Maharashtra,Aurangabad,forgings,7207,10000,25,250000,18,22500.0,22500.0,295000.0,755795855462,Yes,2025-06-01,Road,MH12VH5334,No,,Yes,2,6,62,declining,late,Repaid
SI/2401044,02a50d14f81aaead99cb35089819d1bf9e6247b75a9ad71a500ada5d4fc31632,2025-06-09,INV,Gurukrupa Metal Works,27AABCG5555E1Z7,AABCG5555E,UDYAM-MH-02-0056789,Chakan,Kisan Motors India Pvt Ltd,27AABCK3456H1Z9,AABCK3456H,Maharashtra,Aurangabad,gaskets,8484,500,45,22500,18,2025.0,2025.0,26550.0,,No,,,,No,,Yes,3,6,62,declining,late,Repaid
SI/2401045,6180a1f7c60b64fae79f1424a5b77189055650a72691ef92d93903aadfc5c74a,2025-11-03,INV,Jay Bhavani Engineering,27AABCJ3333C1Z1,AABCJ3333C,UDYAM-MH-02-0034567,Pimpri-Chinchwad,Precision Parts Manufacturing,27AABCP6789N1Z3,AABCP6789N,Maharashtra,Chakan,fasteners,7318,10000,180,1800000,18,162000.0,162000.0,2124000.0,576266444796,Yes,2025-11-03,Road,MH12YV5415,Yes,2025-11-04,Yes,5,6,26,growing,on_time,Repaid
SI/2401046,95ce0f22048628eca394bb49480e46bea035ab30de02d28785be8db9ad50a364,2025-08-06,INV,Gurukrupa Metal Works,27AABCG5555E1Z7,AABCG5555E,UDYAM-MH-02-0056789,Chakan,Anchor Auto Components Pvt Ltd,27AABCA1234B1Z5,AABCA1234B,Maharashtra,Chakan,forgings,7207,5000,180,900000,18,81000.0,81000.0,1062000.0,797656813698,Yes,2025-08-06,Road,MH14KN9117,Yes,2025-08-06,Yes,5,6,12,growing,on_time,Repaid
SI/2401047,55798d627b7b79252a390c9ff5a46e53b81c025c5f8f8e7ea5c386fcc7bd3c87,2025-09-09,INV,Jay Bhavani Engineering,27AABCJ3333C1Z1,AABCJ3333C,UDYAM-MH-02-0034567,Pimpri-Chinchwad,Precision Parts Manufacturing,27AABCP6789N1Z3,AABCP6789N,Maharashtra,Chakan,brackets,7326,5000,25,125000,18,11250.0,11250.0,147500.0,950275468961,Yes,2025-09-09,Road,MH04TY9167,Yes,2025-09-09,Yes,4,6,9,growing,on_time,Repaid
SI/2401048,c6c580264fdb0b6e78162d54ada21cb01e5dfc89df50433837bf6d630d749843,2025-08-15,INV,Sai Auto Components,27AABCS4444D1Z9,AABCS4444D,UDYAM-MH-02-0045678,Pune-Chakan,Anchor Auto Components Pvt Ltd,27AABCA1234B1Z5,AABCA1234B,Maharashtra,Chakan,castings,7325,2000,35,70000,18,6300.0,6300.0,82600.0,235225807501,Yes,2025-08-15,Road,MH14DO2924,Yes,2025-08-15,Yes,5,6,9,growing,on_time,Repaid
SI/2401049,d722fb231f1e6857e16504f06bf1e40f3d0bccba32de07846d35da879e9db8e8,2025-10-27,INV,Mahalaxmi Precision Parts,27AABCM2222B1Z3,AABCM2222B,UDYAM-MH-02-0023456,Pune-Chakan,National Auto Accessories Ltd,27AABCN1234P1Z1,AABCN1234P,Maharashtra,Nashik,fasteners,7318,10000,65,650000,18,58500.0,58500.0,767000.0,368316140875,Yes,2025-10-27,Road,MH12IY7798,Yes,2025-10-27,Yes,5,6,24,stable,on_time,Repaid
SI/2401050,b5ada9c5860d4886cf4536e6ff04911523dad1f9c4ef1dcd83c7dad0cd33a030,2025-11-28,INV,Jay Bhavani Engineering,27AABCJ3333C1Z1,AABCJ3333C,UDYAM-MH-02-0034567,Pimpri-Chinchwad,Shakti Castings & Alloys,27AABCS7890J1Z7,AABCS7890J,Maharashtra,Pune,brackets,7326,2000,65,130000,18,11700.0,11700.0,153400.0,630594163379,Yes,2025-11-28,Road,MH14WH7274,No,,No,2,6,45,declining,late,Defaulted
SI/2401051,55259d703c77273784635e641785428a183f58d20cabb3d320a12e7be6f0a0c2,2025-10-13,INV,Mahalaxmi Precision Parts,27AABCM2222B1Z3,AABCM2222B,UDYAM-MH-02-0023456,Pune-Chakan,Precision Parts Manufacturing,27AABCP6789N1Z3,AABCP6789N,Maharashtra,Chakan,brackets,7326,2000,180,360000,18,32400.0,32400.0,424800.0,641819166671,Yes,2025-10-13,Road,MH02DQ8486,No,,Yes,6,6,10,growing,on_time,Repaid
SI/2401052,0f171ae3ea4a9ef88258b22474a63ad46749a153c9a1b8b403de6121a7d00b71,2025-11-26,INV,Shree Ganesh Stampings,27AABCS1111A1Z5,AABCS1111A,UDYAM-MH-02-0012345,Pune-Chakan,Reliable Engineering Works,27AABCR9012F1Z1,AABCR9012F,Maharashtra,Pune,gaskets,8484,1000,25,25000,18,2250.0,2250.0,29500.0,,No,,,,No,,Yes,4,6,8,stable,on_time,Repaid
SI/2401053,9b89a924186b3714347904f8aae50db99c5531e1e332882fa2f977c3535d9fce,2025-07-24,INV,Gurukrupa Metal Works,27AABCG5555E1Z7,AABCG5555E,UDYAM-MH-02-0056789,Chakan,Anchor Auto Components Pvt Ltd,27AABCA1234B1Z5,AABCA1234B,Maharashtra,Chakan,stampings,7326,1000,65,65000,18,5850.0,5850.0,76700.0,211576110945,Yes,2025-07-24,Road,MH12JL7141,Yes,2025-07-24,Yes,5,6,0,growing,on_time,Repaid
SI/2401054,32e29893898baf09ee112f2a0bd9cc961e11d78e978f299fad0d5be69bd451f8,2025-06-06,INV,Sai Auto Components,27AABCS4444D1Z9,AABCS4444D,UDYAM-MH-02-0045678,Pune-Chakan,Reliable Engineering Works,27AABCR9012F1Z1,AABCR9012F,Maharashtra,Pune,castings,7325,10000,120,1200000,18,108000.0,108000.0,1416000.0,780247848027,Yes,2025-06-06,Road,MH02IV1153,No,,Yes,4,6,18,stable,on_time,Repaid
SI/2401055,c86064ffa9e2f10e27417266651dcc643591a2c86d5b52fb64fdb9f51a9e4b88,2025-09-19,INV,Sai Auto Components,27AABCS4444D1Z9,AABCS4444D,UDYAM-MH-02-0045678,Pune-Chakan,Shakti Castings & Alloys,27AABCS7890J1Z7,AABCS7890J,Maharashtra,Pune,forgings,7207,500,180,90000,18,8100.0,8100.0,106200.0,567988351366,Yes,2025-09-19,Road,MH12HM6881,No,,No,2,6,84,declining,late,Repaid
SI/2401056,bc9194d6b875325e0270f1521b67fef387254598cd049ad41a8c1217fade9f31,2025-08-01,INV,Gurukrupa Metal Works,27AABCG5555E1Z7,AABCG5555E,UDYAM-MH-02-0056789,Chakan,Shakti Castings & Alloys,27AABCS7890J1Z7,AABCS7890J,Maharashtra,Pune,fasteners,7318,500,120,60000,18,5400.0,5400.0,70800.0,957643978300,Yes,2025-08-01,Road,MH04YZ4770,No,,Yes,2,6,40,declining,late,Repaid
SI/2401057,0704836e7bfdeff000c0e5b615a82b846fc1699331014633c753e2a5ac755c32,2025-06-21,INV,Gurukrupa Metal Works,27AABCG5555E1Z7,AABCG5555E,UDYAM-MH-02-0056789,Chakan,Verma Udyog Pvt Ltd,27AABCV2345L1Z5,AABCV2345L,Maharashtra,Chakan,castings,7325,1000,65,65000,18,5850.0,5850.0,76700.0,811364515897,Yes,2025-06-21,Road,MH04XN3877,Yes,2025-06-22,Yes,1,6,65,declining,very_late,Repaid
SI/2401058,2b08fbfbc40450d6afc2173e4817aa7abf57d3aafcf7dbf57ab8d6dff0bf67b6,2025-06-09,INV,Mahalaxmi Precision Parts,27AABCM2222B1Z3,AABCM2222B,UDYAM-MH-02-0023456,Pune-Chakan,Reliable Engineering Works,27AABCR9012F1Z1,AABCR9012F,Maharashtra,Pune,bushings,8483,10000,65,650000,18,58500.0,58500.0,767000.0,632336233214,Yes,2025-06-09,Road,MH12EY4696,No,,Yes,5,6,8,stable,on_time,Repaid
SI/2401059,a81aa8676318e73a54905359dbe67a0b71fcb76ec31f3fffa0688e2f92533dd5,2025-08-18,INV,Sai Auto Components,27AABCS4444D1Z9,AABCS4444D,UDYAM-MH-02-0045678,Pune-Chakan,Verma Udyog Pvt Ltd,27AABCV2345L1Z5,AABCV2345L,Maharashtra,Chakan,stampings,7326,5000,15,75000,18,6750.0,6750.0,88500.0,840317438269,Yes,2025-08-18,Road,MH14PA6374,No,,Yes,1,6,71,declining,very_late,Defaulted
SI/2401060,447b8b46d546f7a8e232532283a4bd518df18a87cbcb7fa9a321f7280e65e125,2025-10-04,INV,Gurukrupa Metal Works,27AABCG5555E1Z7,AABCG5555E,UDYAM-MH-02-0056789,Chakan,Kisan Motors India Pvt Ltd,27AABCK3456H1Z9,AABCK3456H,Maharashtra,Aurangabad,stampings,7326,5000,65,325000,18,29250.0,29250.0,383500.0,142718868029,Yes,2025-10-04,Road,MH02LV9850,No,,No,4,6,66,declining,late,Defaulted
SI/2401061,5ee2cd4b96a4ceac5379bc21bc36e5c7f586a2641af4b05dd68c737f0c9f64b5,2025-10-09,INV,Sai Auto Components,27AABCS4444D1Z9,AABCS4444D,UDYAM-MH-02-0045678,Pune-Chakan,Reliable Engineering Works,27AABCR9012F1Z1,AABCR9012F,Maharashtra,Pune,gaskets,8484,500,180,90000,18,8100.0,8100.0,106200.0,337814615356,Yes,2025-10-09,Road,MH04BM5520,Yes,2025-10-09,No,5,6,30,stable,on_time,Repaid
SI/2401062,c4c2337d7140cd223bf666718391dd6f466ab8bc7a592ee37e254a174ecebbc2,2025-04-02,INV,Mahalaxmi Precision Parts,27AABCM2222B1Z3,AABCM2222B,UDYAM-MH-02-0023456,Pune-Chakan,Metro Forgings & Stampings Ltd,27AABCM5678D1Z3,AABCM5678D,Maharashtra,Pimpri-Chinchwad,springs,7320,500,45,22500,18,2025.0,2025.0,26550.0,963829265445,Yes,2025-04-02,Road,MH14KY3417,Yes,2025-04-02,Yes,4,6,13,stable,on_time,Repaid
SI/2401063,7fd8adbea5b29c22c3e8fc30ccaeb4f57f3da8c7e684be846b4d3a00129a8a0f,2025-12-09,INV,Gurukrupa Metal Works,27AABCG5555E1Z7,AABCG5555E,UDYAM-MH-02-0056789,Chakan,Anchor Auto Components Pvt Ltd,27AABCA1234B1Z5,AABCA1234B,Maharashtra,Chakan,fasteners,7318,1000,35,35000,18,3150.0,3150.0,41300.0,826321603086,Yes,2025-12-09,Road,MH12FI1858,No,,Yes,4,6,21,growing,on_time,Repaid
SI/2401064,9c45f1ba560bd0c5a23fa48bae5009c952bdac689da52792c3ff316b5a746623,2025-11-25,INV,Mahalaxmi Precision Parts,27AABCM2222B1Z3,AABCM2222B,UDYAM-MH-02-0023456,Pune-Chakan,Precision Parts Manufacturing,27AABCP6789N1Z3,AABCP6789N,Maharashtra,Chakan,stampings,7326,500,180,90000,18,8100.0,8100.0,106200.0,218513893124,Yes,2025-11-25,Road,MH04OU1510,Yes,2025-11-25,No,6,6,16,growing,on_time,Repaid
SI/2401065,54b0e1515470079e1d0d321e1065525007d93ac3d5545903c1e82a40b22eab32,2025-11-23,INV,Shree Ganesh Stampings,27AABCS1111A1Z5,AABCS1111A,UDYAM-MH-02-0012345,Pune-Chakan,National Auto Accessories Ltd,27AABCN1234P1Z1,AABCN1234P,Maharashtra,Nashik,gaskets,8484,5000,25,125000,18,11250.0,11250.0,147500.0,,No,,,,No,,Yes,5,6,36,stable,on_time,Defaulted
SI/2401066,6db57175b4415e63845ba1dc3effbefaa996387ba5252de9e48246e83752053c,2025-05-26,INV,Jay Bhavani Engineering,27AABCJ3333C1Z1,AABCJ3333C,UDYAM-MH-02-0034567,Pimpri-Chinchwad,Precision Parts Manufacturing,27AABCP6789N1Z3,AABCP6789N,Maharashtra,Chakan,fasteners,7318,5000,120,600000,18,54000.0,54000.0,708000.0,820922255341,Yes,2025-05-26,Road,MH02NX2557,Yes,2025-05-26,Yes,6,6,5,growing,on_time,Repaid
SI/2401067,d2dd8cf5b58da548855acedcc42e0f4a308907a696c22bd4fac46157c3c37726,2025-06-22,INV,Jay Bhavani Engineering,27AABCJ3333C1Z1,AABCJ3333C,UDYAM-MH-02-0034567,Pimpri-Chinchwad,Precision Parts Manufacturing,27AABCP6789N1Z3,AABCP6789N,Maharashtra,Chakan,bushings,8483,2000,85,170000,18,15300.0,15300.0,200600.0,199072583186,Yes,2025-06-22,Road,MH12SR6400,No,,Yes,6,6,21,growing,on_time,Repaid
SI/2401068,79d051215ae8aca77c47321671a4bfaca4a0fc1219343f91f893a19c45d07c24,2025-08-20,INV,Shree Ganesh Stampings,27AABCS1111A1Z5,AABCS1111A,UDYAM-MH-02-0012345,Pune-Chakan,Precision Parts Manufacturing,27AABCP6789N1Z3,AABCP6789N,Maharashtra,Chakan,bushings,8483,5000,15,75000,18,6750.0,6750.0,88500.0,731805153549,Yes,2025-08-20,Road,MH04DY5564,Yes,2025-08-20,Yes,5,6,16,growing,on_time,Repaid
SI/2401069,a297667834ad9c1c6ddfe70c40655a5e0a5286ecc8a611f8d6e5eff44c6b7e78,2025-08-01,INV,Gurukrupa Metal Works,27AABCG5555E1Z7,AABCG5555E,UDYAM-MH-02-0056789,Chakan,Kisan Motors India Pvt Ltd,27AABCK3456H1Z9,AABCK3456H,Maharashtra,Aurangabad,gaskets,8484,10000,15,150000,18,13500.0,13500.0,177000.0,940536690954,Yes,2025-08-01,Road,MH02CE1502,No,,Yes,4,6,55,declining,late,Repaid
SI/2401070,1122fc1e6723d06e3bd6cb950bee89b5297c87dcb60ef3107998275d3c6f2a8d,2025-09-06,INV,Shree Ganesh Stampings,27AABCS1111A1Z5,AABCS1111A,UDYAM-MH-02-0012345,Pune-Chakan,Kisan Motors India Pvt Ltd,27AABCK3456H1Z9,AABCK3456H,Maharashtra,Aurangabad,gaskets,8484,5000,180,900000,18,81000.0,81000.0,1062000.0,459581516648,Yes,2025-09-06,Road,MH12VC5458,No,,No,2,6,56,declining,late,Defaulted
SI/2401071,99104701509622e8d70f5162e15417147a8fe1ad159491ebe7532ea0248bd635,2025-10-09,INV,Sai Auto Components,27AABCS4444D1Z9,AABCS4444D,UDYAM-MH-02-0045678,Pune-Chakan,Precision Parts Manufacturing,27AABCP6789N1Z3,AABCP6789N,Maharashtra,Chakan,springs,7320,10000,180,1800000,18,162000.0,162000.0,2124000.0,226754562231,Yes,2025-10-09,Road,MH12HM1897,Yes,2025-10-09,Yes,4,6,1,growing,on_time,Repaid
SI/2401072,0c01f6da090937875810f048f001b9ca3051dfe6f01d56ebf4e7e09d9057d5e2,2025-08-10,INV,Shree Ganesh Stampings,27AABCS1111A1Z5,AABCS1111A,UDYAM-MH-02-0012345,Pune-Chakan,Kisan Motors India Pvt Ltd,27AABCK3456H1Z9,AABCK3456H,Maharashtra,Aurangabad,fasteners,7318,1000,35,35000,18,3150.0,3150.0,41300.0,645494046286,Yes,2025-08-10,Road,MH04CM1693,No,,Yes,1,6,65,declining,late,Repaid
SI/2401073,88a4450e6a1031ff582e9512b86f0255a2c9fc5c8c5d5e6fbd07ab68985682e2,2025-10-19,INV,Sai Auto Components,27AABCS4444D1Z9,AABCS4444D,UDYAM-MH-02-0045678,Pune-Chakan,Anchor Auto Components Pvt Ltd,27AABCA1234B1Z5,AABCA1234B,Maharashtra,Chakan,springs,7320,500,85,42500,18,3825.0,3825.0,50150.0,558015920905,Yes,2025-10-19,Road,MH04CN2734,Yes,2025-10-20,Yes,5,6,24,growing,on_time,Repaid
SI/2401074,eecd822a4e34b69c4063e83283d70c22ceddf95a95345da6ee840517279028f9,2025-10-28,INV,Mahalaxmi Precision Parts,27AABCM2222B1Z3,AABCM2222B,UDYAM-MH-02-0023456,Pune-Chakan,Precision Parts Manufacturing,27AABCP6789N1Z3,AABCP6789N,Maharashtra,Chakan,gaskets,8484,10000,25,250000,18,22500.0,22500.0,295000.0,341976367027,Yes,2025-10-28,Road,MH04LX3419,Yes,2025-10-28,Yes,4,6,2,growing,on_time,Repaid
SI/2401075,a27d47f0d9cf230a03a6b2e6a845bffd828143ad08aed88ba4e5cbbb19333ea7,2025-06-20,INV,Mahalaxmi Precision Parts,27AABCM2222B1Z3,AABCM2222B,UDYAM-MH-02-0023456,Pune-Chakan,Metro Forgings & Stampings Ltd,27AABCM5678D1Z3,AABCM5678D,Maharashtra,Pimpri-Chinchwad,forgings,7207,2000,45,90000,18,8100.0,8100.0,106200.0,820520073075,Yes,2025-06-20,Road,MH04UK3473,Yes,2025-06-21,Yes,4,6,12,stable,on_time,Repaid
SI/2401076,8c3baf93b4dab074b51ad0802ff32feeb35a46437fdb196f85cad496e892649c,2025-08-19,INV,Sai Auto Components,27AABCS4444D1Z9,AABCS4444D,UDYAM-MH-02-0045678,Pune-Chakan,Metro Forgings & Stampings Ltd,27AABCM5678D1Z3,AABCM5678D,Maharashtra,Pimpri-Chinchwad,springs,7320,5000,65,325000,18,29250.0,29250.0,383500.0,179488406665,Yes,2025-08-19,Road,MH12TT9307,Yes,2025-08-20,Yes,4,6,24,stable,on_time,Repaid
SI/2401077,8cb41f13ac85e10993de1fea0274efc98f2b8c96209b893c5e72b5752a4f79af,2025-09-20,INV,Sai Auto Components,27AABCS4444D1Z9,AABCS4444D,UDYAM-MH-02-0045678,Pune-Chakan,National Auto Accessories Ltd,27AABCN1234P1Z1,AABCN1234P,Maharashtra,Nashik,brackets,7326,5000,45,225000,18,20250.0,20250.0,265500.0,594186984574,Yes,2025-09-20,Road,MH02OQ9564,Yes,2025-09-21,No,5,6,37,stable,on_time,Defaulted
SI/2401078,c270dc74d88077d29a12d72dac2abbef512fc10cd539ce584e6b27d22eeb5417,2025-10-14,INV,Gurukrupa Metal Works,27AABCG5555E1Z7,AABCG5555E,UDYAM-MH-02-0056789,Chakan,Reliable Engineering Works,27AABCR9012F1Z1,AABCR9012F,Maharashtra,Pune,bushings,8483,2000,65,130000,18,11700.0,11700.0,153400.0,760045839791,Yes,2025-10-14,Road,MH14KC3317,Yes,2025-10-15,Yes,5,6,30,stable,on_time,Repaid
SI/2401079,6f19dd657dad48f0e5dcb4acbe08e25224beabbbcfbc0a9844b1c38ee1e9e6cf,2025-08-18,INV,Jay Bhavani Engineering,27AABCJ3333C1Z1,AABCJ3333C,UDYAM-MH-02-0034567,Pimpri-Chinchwad,Shakti Castings & Alloys,27AABCS7890J1Z7,AABCS7890J,Maharashtra,Pune,gaskets,8484,1000,25,25000,18,2250.0,2250.0,29500.0,464177415102,Yes,2025-08-18,Road,MH12UV7937,No,,No,3,6,33,declining,late,Repaid
SI/2401080,ab2e894cb2dc6f5e581401a1fc51c7896c3ab1d5078e3d84d7e6c7d7d2748074,2025-06-07,INV,Gurukrupa Metal Works,27AABCG5555E1Z7,AABCG5555E,UDYAM-MH-02-0056789,Chakan,Verma Udyog Pvt Ltd,27AABCV2345L1Z5,AABCV2345L,Maharashtra,Chakan,brackets,7326,2000,65,130000,18,11700.0,11700.0,153400.0,635866560574,Yes,2025-06-07,Road,MH12VK3147,No,,No,2,6,68,declining,very_late,Repaid
SI/2401081,57602477ab929afcc5a56959531152081b5e48ad2c05c0db942fcaa193a21133,2025-06-24,INV,Gurukrupa Metal Works,27AABCG5555E1Z7,AABCG5555E,UDYAM-MH-02-0056789,Chakan,Precision Parts Manufacturing,27AABCP6789N1Z3,AABCP6789N,Maharashtra,Chakan,forgings,7207,1000,35,35000,18,3150.0,3150.0,41300.0,501196582838,Yes,2025-06-24,Road,MH14RH6070,Yes,2025-06-24,No,4,6,1,growing,on_time,Repaid
SI/2401082,4c38fef045c4013c99a592820be81e6b6e6d65151aca0d6999fa92864ad804f0,2025-11-25,INV,Sai Auto Components,27AABCS4444D1Z9,AABCS4444D,UDYAM-MH-02-0045678,Pune-Chakan,Kisan Motors India Pvt Ltd,27AABCK3456H1Z9,AABCK3456H,Maharashtra,Aurangabad,bushings,8483,10000,180,1800000,18,162000.0,162000.0,2124000.0,651395943514,Yes,2025-11-25,Road,MH04BU8873,No,,No,3,6,38,declining,late,Defaulted
SI/2401083,ac55ac9cfed1d775137ffd08f940224236cd91b4f990cedf437decf0ce51fa3b,2025-06-09,INV,Jay Bhavani Engineering,27AABCJ3333C1Z1,AABCJ3333C,UDYAM-MH-02-0034567,Pimpri-Chinchwad,Metro Forgings & Stampings Ltd,27AABCM5678D1Z3,AABCM5678D,Maharashtra,Pimpri-Chinchwad,stampings,7326,2000,25,50000,18,4500.0,4500.0,59000.0,261118623175,Yes,2025-06-09,Road,MH12NB7495,No,,Yes,6,6,8,stable,on_time,Repaid
SI/2401084,364a2ac538db41800afafbf96e5c3e89ce14499d14311b34eb470c2bec7c12a9,2025-09-08,INV,Gurukrupa Metal Works,27AABCG5555E1Z7,AABCG5555E,UDYAM-MH-02-0056789,Chakan,Verma Udyog Pvt Ltd,27AABCV2345L1Z5,AABCV2345L,Maharashtra,Chakan,castings,7325,5000,25,125000,18,11250.0,11250.0,147500.0,211372049245,Yes,2025-09-08,Road,MH02WE8685,No,,No,2,6,56,declining,very_late,Defaulted
SI/2401085,6842e53ddee86c5271d2d04102c65bbc87df3f762c25a0d602c6548cf89f6bc2,2025-07-27,INV,Sai Auto Components,27AABCS4444D1Z9,AABCS4444D,UDYAM-MH-02-0045678,Pune-Chakan,Anchor Auto Components Pvt Ltd,27AABCA1234B1Z5,AABCA1234B,Maharashtra,Chakan,stampings,7326,500,65,32500,18,2925.0,2925.0,38350.0,902902156753,Yes,2025-07-27,Road,MH02UZ8489,Yes,2025-07-28,Yes,5,6,16,growing,on_time,Repaid
SI/2401086,7e1fb63bd8c6c5922209650e4fb1e3fc9a9ccd1a66c1ac49830597a314b93904,2025-12-19,INV,Shree Ganesh Stampings,27AABCS1111A1Z5,AABCS1111A,UDYAM-MH-02-0012345,Pune-Chakan,Metro Forgings & Stampings Ltd,27AABCM5678D1Z3,AABCM5678D,Maharashtra,Pimpri-Chinchwad,springs,7320,10000,15,150000,18,13500.0,13500.0,177000.0,418444237753,Yes,2025-12-19,Road,MH04CQ9914,Yes,2025-12-20,Yes,4,6,25,stable,on_time,Repaid
SI/2401087,673d0324b074242046f4a639bf8234ec8a32ec27c643d6089d97c86f8f95197a,2025-10-12,INV,Gurukrupa Metal Works,27AABCG5555E1Z7,AABCG5555E,UDYAM-MH-02-0056789,Chakan,Anchor Auto Components Pvt Ltd,27AABCA1234B1Z5,AABCA1234B,Maharashtra,Chakan,gaskets,8484,5000,15,75000,18,6750.0,6750.0,88500.0,490911783800,Yes,2025-10-12,Road,MH04EB6772,Yes,2025-10-13,Yes,5,6,4,growing,on_time,Repaid
SI/2401088,d5a9f71e4b3c7f7ca152220698eef3cbeeac88ba6ab46a88ea9b9d7225935cb0,2025-06-26,INV,Gurukrupa Metal Works,27AABCG5555E1Z7,AABCG5555E,UDYAM-MH-02-0056789,Chakan,Verma Udyog Pvt Ltd,27AABCV2345L1Z5,AABCV2345L,Maharashtra,Chakan,forgings,7207,5000,180,900000,18,81000.0,81000.0,1062000.0,953478914707,Yes,2025-06-26,Road,MH04JQ7524,No,,Yes,2,6,78,declining,very_late,Repaid
SI/2401089,b9a674514aa52056315f99f404908b100228b482efa2d1968443b68bb00e2156,2025-08-12,INV,Gurukrupa Metal Works,27AABCG5555E1Z7,AABCG5555E,UDYAM-MH-02-0056789,Chakan,National Auto Accessories Ltd,27AABCN1234P1Z1,AABCN1234P,Maharashtra,Nashik,fasteners,7318,500,45,22500,18,2025.0,2025.0,26550.0,463593597644,Yes,2025-08-12,Road,MH04FP9151,Yes,2025-08-13,Yes,3,6,36,stable,on_time,Repaid
SI/2401090,48358e5d7271171d6bd2bbb3281fadda243a6d08d9ed561363bc41e450b10413,2025-10-20,INV,Jay Bhavani Engineering,27AABCJ3333C1Z1,AABCJ3333C,UDYAM-MH-02-0034567,Pimpri-Chinchwad,Shakti Castings & Alloys,27AABCS7890J1Z7,AABCS7890J,Maharashtra,Pune,stampings,7326,5000,25,125000,18,11250.0,11250.0,147500.0,,No,,,,No,,Yes,2,6,52,declining,late,Defaulted
SI/2401091,e5dba05ba623b260f144adcd3374e54b96ea38a58ddd3cff67d0c33b50162dc8,2025-09-20,INV,Mahalaxmi Precision Parts,27AABCM2222B1Z3,AABCM2222B,UDYAM-MH-02-0023456,Pune-Chakan,National Auto Accessories Ltd,27AABCN1234P1Z1,AABCN1234P,Maharashtra,Nashik,bushings,8483,5000,15,75000,18,6750.0,6750.0,88500.0,,No,,,,No,,Yes,6,6,26,stable,on_time,Defaulted
SI/2401092,5629feaa4b683af312be35e87917c29aa200133553079a460aa1bfb49a4c5fff,2025-05-08,INV,Shree Ganesh Stampings,27AABCS1111A1Z5,AABCS1111A,UDYAM-MH-02-0012345,Pune-Chakan,Reliable Engineering Works,27AABCR9012F1Z1,AABCR9012F,Maharashtra,Pune,springs,7320,500,35,17500,18,1575.0,1575.0,20650.0,496710360038,Yes,2025-05-08,Road,MH12SE9674,Yes,2025-05-08,Yes,3,6,0,stable,on_time,Repaid
SI/2401093,eacf3e99e3c2bc6aed47f90994fe5125d3a1734dc4a78199f53bb2bdf1e6ba72,2025-05-01,INV,Jay Bhavani Engineering,27AABCJ3333C1Z1,AABCJ3333C,UDYAM-MH-02-0034567,Pimpri-Chinchwad,Precision Parts Manufacturing,27AABCP6789N1Z3,AABCP6789N,Maharashtra,Chakan,bushings,8483,2000,45,90000,18,8100.0,8100.0,106200.0,669079060568,Yes,2025-05-01,Road,MH04WP4279,Yes,2025-05-01,Yes,5,6,22,growing,on_time,Repaid
SI/2401094,b8b06c5929f6c68cd07ede4b88e83f720bd950804eb93b12ad529b2d9ed6c210,2025-11-03,INV,Shree Ganesh Stampings,27AABCS1111A1Z5,AABCS1111A,UDYAM-MH-02-0012345,Pune-Chakan,Reliable Engineering Works,27AABCR9012F1Z1,AABCR9012F,Maharashtra,Pune,stampings,7326,5000,35,175000,18,15750.0,15750.0,206500.0,452129656888,Yes,2025-11-03,Road,MH14WW3852,No,,Yes,4,6,19,stable,on_time,Repaid
SI/2401095,ddfc287399eb604fdfe033019414360c6d85f6935bbe41d16425f03b157b6a3d,2025-07-26,INV,Jay Bhavani Engineering,27AABCJ3333C1Z1,AABCJ3333C,UDYAM-MH-02-0034567,Pimpri-Chinchwad,Kisan Motors India Pvt Ltd,27AABCK3456H1Z9,AABCK3456H,Maharashtra,Aurangabad,stampings,7326,1000,35,35000,18,3150.0,3150.0,41300.0,707140427507,Yes,2025-07-26,Road,MH12JM8842,No,,No,3,6,54,declining,late,Repaid
SI/2401096,b25096fbf8128bc983ff0ed210b1bd51900261926d92eb84339480f8a24a6c72,2025-06-11,INV,Gurukrupa Metal Works,27AABCG5555E1Z7,AABCG5555E,UDYAM-MH-02-0056789,Chakan,Precision Parts Manufacturing,27AABCP6789N1Z3,AABCP6789N,Maharashtra,Chakan,gaskets,8484,10000,25,250000,18,22500.0,22500.0,295000.0,613033733961,Yes,2025-06-11,Road,MH14NQ1907,Yes,2025-06-12,Yes,5,6,0,growing,on_time,Repaid
SI/2401097,25615b4a5ed7c29ff402f6da3b84437303bfd11eb61b76ed9bdb47ef24664eaf,2025-09-23,INV,Shree Ganesh Stampings,27AABCS1111A1Z5,AABCS1111A,UDYAM-MH-02-0012345,Pune-Chakan,Reliable Engineering Works,27AABCR9012F1Z1,AABCR9012F,Maharashtra,Pune,fasteners,7318,1000,35,35000,18,3150.0,3150.0,41300.0,375216607657,Yes,2025-09-23,Road,MH14SS3526,Yes,2025-09-24,Yes,4,6,33,stable,on_time,Repaid
SI/2401098,7d2e27f38a5b80eaa6067c5d264ba266c78c589cf3714a7aa5e2bcbd896cf3ec,2025-04-21,INV,Mahalaxmi Precision Parts,27AABCM2222B1Z3,AABCM2222B,UDYAM-MH-02-0023456,Pune-Chakan,Verma Udyog Pvt Ltd,27AABCV2345L1Z5,AABCV2345L,Maharashtra,Chakan,brackets,7326,500,25,12500,18,1125.0,1125.0,14750.0,,No,,,,No,,Yes,2,6,74,declining,very_late,Repaid
SI/2401099,6d2f56a600d0975689324e4e0b31597ceb87dfe3cf4ebc5e2db528f198242550,2025-08-15,INV,Jay Bhavani Engineering,27AABCJ3333C1Z1,AABCJ3333C,UDYAM-MH-02-0034567,Pimpri-Chinchwad,Shakti Castings & Alloys,27AABCS7890J1Z7,AABCS7890J,Maharashtra,Pune,springs,7320,1000,120,120000,18,10800.0,10800.0,141600.0,272056016376,Yes,2025-08-15,Road,MH04XL7532,No,,No,3,6,61,declining,late,Defaulted
SI/2401100,a3cad4b1f4d79604567abecfa2dedc775e4096061f21e04612a585c0b0794702,2025-11-04,INV,Mahalaxmi Precision Parts,27AABCM2222B1Z3,AABCM2222B,UDYAM-MH-02-0023456,Pune-Chakan,Verma Udyog Pvt Ltd,27AABCV2345L1Z5,AABCV2345L,Maharashtra,Chakan,stampings,7326,2000,45,90000,18,8100.0,8100.0,106200.0,255683626158,Yes,2025-11-04,Road,MH14KS6123,Yes,2025-11-05,No,2,6,54,declining,very_late,Repaid
SI/2401101,fbbd3b81bc3120c67723021b13aaa2ff60328dc91eaa2dbd1c1f38b263a9ad31,2025-11-10,INV,Mahalaxmi Precision Parts,27AABCM2222B1Z3,AABCM2222B,UDYAM-MH-02-0023456,Pune-Chakan,Reliable Engineering Works,27AABCR9012F1Z1,AABCR9012F,Maharashtra,Pune,springs,7320,10000,180,1800000,18,162000.0,162000.0,2124000.0,655739743515,Yes,2025-11-10,Road,MH02JR1133,Yes,2025-11-10,Yes,4,6,24,stable,on_time,Repaid
SI/2401102,f2307bedeaa8bdcba11910a4c55a8dbf020a94040255bdd1749f53a0a0015e8e,2025-10-12,INV,Shree Ganesh Stampings,27AABCS1111A1Z5,AABCS1111A,UDYAM-MH-02-0012345,Pune-Chakan,Precision Parts Manufacturing,27AABCP6789N1Z3,AABCP6789N,Maharashtra,Chakan,forgings,7207,2000,85,170000,18,15300.0,15300.0,200600.0,722989978517,Yes,2025-10-12,Road,MH04TV2946,Yes,2025-10-13,Yes,6,6,17,growing,on_time,Repaid
SI/2401103,baad67f2625a9c40f908269e7ff71cbcf5c74bd89b38a937dbdcf8c854b96229,2025-12-12,INV,Mahalaxmi Precision Parts,27AABCM2222B1Z3,AABCM2222B,UDYAM-MH-02-0023456,Pune-Chakan,Metro Forgings & Stampings Ltd,27AABCM5678D1Z3,AABCM5678D,Maharashtra,Pimpri-Chinchwad,gaskets,8484,2000,85,170000,18,15300.0,15300.0,200600.0,762279910672,Yes,2025-12-12,Road,MH02ET9446,Yes,2025-12-12,Yes,5,6,24,stable,on_time,Repaid
SI/2401104,b879bebfccd91eba795db5d6f03ef0c7574bf39f5785adcfd4bbbbd065960129,2025-08-19,INV,Mahalaxmi Precision Parts,27AABCM2222B1Z3,AABCM2222B,UDYAM-MH-02-0023456,Pune-Chakan,Verma Udyog Pvt Ltd,27AABCV2345L1Z5,AABCV2345L,Maharashtra,Chakan,bushings,8483,1000,120,120000,18,10800.0,10800.0,141600.0,661903224297,Yes,2025-08-19,Road,MH12NS6040,No,,No,1,6,79,declining,very_late,Defaulted
SI/2401105,628afb48b78fb0e157042e8d79ba7a79f9ceacb94ad0e75df855bad2ed05f211,2025-04-19,INV,Shree Ganesh Stampings,27AABCS1111A1Z5,AABCS1111A,UDYAM-MH-02-0012345,Pune-Chakan,National Auto Accessories Ltd,27AABCN1234P1Z1,AABCN1234P,Maharashtra,Nashik,fasteners,7318,10000,45,450000,18,40500.0,40500.0,531000.0,793741295384,Yes,2025-04-19,Road,MH12GA8225,No,,No,3,6,42,stable,on_time,Defaulted
SI/2401106,97a4ce757152e2a4c5c10dada883faa4119cc22e0030ef051939636b4f5156ce,2025-10-17,INV,Jay Bhavani Engineering,27AABCJ3333C1Z1,AABCJ3333C,UDYAM-MH-02-0034567,Pimpri-Chinchwad,Precision Parts Manufacturing,27AABCP6789N1Z3,AABCP6789N,Maharashtra,Chakan,forgings,7207,5000,45,225000,18,20250.0,20250.0,265500.0,619349682898,Yes,2025-10-17,Road,MH04VP9609,No,,Yes,5,6,14,growing,on_time,Repaid
SI/2401107,4e8c52c01c99e32194f857a791445cdd9d91605e76be7bc97112100b47a6cc1a,2025-12-12,INV,Sai Auto Components,27AABCS4444D1Z9,AABCS4444D,UDYAM-MH-02-0045678,Pune-Chakan,Verma Udyog Pvt Ltd,27AABCV2345L1Z5,AABCV2345L,Maharashtra,Chakan,forgings,7207,5000,85,425000,18,38250.0,38250.0,501500.0,,No,,,,No,,No,1,6,45,declining,very_late,Defaulted
SI/2401108,c1b3be5abbd243553612b98b373f788907900b177a0c08b02a9534c186a1c773,2025-07-23,INV,Gurukrupa Metal Works,27AABCG5555E1Z7,AABCG5555E,UDYAM-MH-02-0056789,Chakan,Shakti Castings & Alloys,27AABCS7890J1Z7,AABCS7890J,Maharashtra,Pune,castings,7325,2000,65,130000,18,11700.0,11700.0,153400.0,625347689741,Yes,2025-07-23,Road,MH02ML3399,No,,No,3,6,40,declining,late,Defaulted
SI/2401109,5ed73e344b1ecde2b2a6fccd69c185d6a598cef7b580bcf208fd33e065151bbd,2025-11-21,INV,Jay Bhavani Engineering,27AABCJ3333C1Z1,AABCJ3333C,UDYAM-MH-02-0034567,Pimpri-Chinchwad,Anchor Auto Components Pvt Ltd,27AABCA1234B1Z5,AABCA1234B,Maharashtra,Chakan,fasteners,7318,500,85,42500,18,3825.0,3825.0,50150.0,333985863762,Yes,2025-11-21,Road,MH14HB9700,Yes,2025-11-22,Yes,5,6,2,growing,on_time,Repaid
SI/2401110,cd16978a4694ba8982f303110a3618fd3f676a1344ac9f7dd86159efb6d0974f,2025-09-23,INV,Mahalaxmi Precision Parts,27AABCM2222B1Z3,AABCM2222B,UDYAM-MH-02-0023456,Pune-Chakan,Kisan Motors India Pvt Ltd,27AABCK3456H1Z9,AABCK3456H,Maharashtra,Aurangabad,brackets,7326,500,120,60000,18,5400.0,5400.0,70800.0,949034254604,Yes,2025-09-23,Road,MH14YJ6262,Yes,2025-09-23,No,4,6,46,declining,late,Repaid
SI/2401111,ba48f0e3fde060a9cb76f4240c96b03bb3d3aafd81a5403822f08fe0c0dcfa60,2025-12-24,INV,Jay Bhavani Engineering,27AABCJ3333C1Z1,AABCJ3333C,UDYAM-MH-02-0034567,Pimpri-Chinchwad,Anchor Auto Components Pvt Ltd,27AABCA1234B1Z5,AABCA1234B,Maharashtra,Chakan,stampings,7326,10000,45,450000,18,40500.0,40500.0,531000.0,142677670046,Yes,2025-12-24,Road,MH02ZP4052,No,,Yes,6,6,3,growing,on_time,Repaid
SI/2401112,0a8db2b3014888f3aae81bac78e0166f324411d8e71cf2e1eb6bc7e0324985e6,2025-09-10,INV,Jay Bhavani Engineering,27AABCJ3333C1Z1,AABCJ3333C,UDYAM-MH-02-0034567,Pimpri-Chinchwad,Anchor Auto Components Pvt Ltd,27AABCA1234B1Z5,AABCA1234B,Maharashtra,Chakan,brackets,7326,2000,25,50000,18,4500.0,4500.0,59000.0,699754869975,Yes,2025-09-10,Road,MH14XO5215,Yes,2025-09-10,Yes,5,6,9,growing,on_time,Repaid
SI/2401113,bc2e5a05bb1858eb923ce1d5c861f799fbf242957da86e8d4f03f0c4285b2f55,2025-06-20,INV,Mahalaxmi Precision Parts,27AABCM2222B1Z3,AABCM2222B,UDYAM-MH-02-0023456,Pune-Chakan,Anchor Auto Components Pvt Ltd,27AABCA1234B1Z5,AABCA1234B,Maharashtra,Chakan,bushings,8483,2000,45,90000,18,8100.0,8100.0,106200.0,546234400827,Yes,2025-06-20,Road,MH04HA5272,Yes,2025-06-21,Yes,5,6,2,growing,on_time,Repaid
SI/2401114,b5df3511e8e92e352b41a83e53ab3ccd88625d8afbbc3da78874315540a0bdd6,2025-08-19,INV,Sai Auto Components,27AABCS4444D1Z9,AABCS4444D,UDYAM-MH-02-0045678,Pune-Chakan,Kisan Motors India Pvt Ltd,27AABCK3456H1Z9,AABCK3456H,Maharashtra,Aurangabad,springs,7320,2000,85,170000,18,15300.0,15300.0,200600.0,,No,,,,No,,Yes,2,6,42,declining,late,Defaulted
SI/2401115,3639b3e002189da30afdc6d402f86229deb08b5efcfd124111588f2ad9c86c65,2025-07-08,INV,Sai Auto Components,27AABCS4444D1Z9,AABCS4444D,UDYAM-MH-02-0045678,Pune-Chakan,Shakti Castings & Alloys,27AABCS7890J1Z7,AABCS7890J,Maharashtra,Pune,stampings,7326,2000,85,170000,18,15300.0,15300.0,200600.0,,No,,,,No,,No,0,6,56,declining,late,Defaulted
SI/2401116,46f57270e84e10389d7c578a5a8b47c142e402ce72543d622db7f1e33f17f96b,2025-05-19,INV,Mahalaxmi Precision Parts,27AABCM2222B1Z3,AABCM2222B,UDYAM-MH-02-0023456,Pune-Chakan,Metro Forgings & Stampings Ltd,27AABCM5678D1Z3,AABCM5678D,Maharashtra,Pimpri-Chinchwad,springs,7320,10000,85,850000,18,76500.0,76500.0,1003000.0,704854978910,Yes,2025-05-19,Road,MH02DV4365,No,,Yes,4,6,16,stable,on_time,Repaid
SI/2401117,66b71dae901a8ad11210394c9fff522da864d8e62fa2e8131d574254d4f4ac47,2025-04-15,INV,Gurukrupa Metal Works,27AABCG5555E1Z7,AABCG5555E,UDYAM-MH-02-0056789,Chakan,National Auto Accessories Ltd,27AABCN1234P1Z1,AABCN1234P,Maharashtra,Nashik,stampings,7326,10000,180,1800000,18,162000.0,162000.0,2124000.0,600000441294,Yes,2025-04-15,Road,MH04AX4570,No,,Yes,3,6,22,stable,on_time,Defaulted
SI/2401118,678a1c1da295278a989cc1131bd7ba3d9d04dd5ed8e1ed8f5c33ce3791cac5a7,2025-05-18,INV,Gurukrupa Metal Works,27AABCG5555E1Z7,AABCG5555E,UDYAM-MH-02-0056789,Chakan,Metro Forgings & Stampings Ltd,27AABCM5678D1Z3,AABCM5678D,Maharashtra,Pimpri-Chinchwad,brackets,7326,5000,85,425000,18,38250.0,38250.0,501500.0,619406611023,Yes,2025-05-18,Road,MH02LM8348,Yes,2025-05-19,Yes,5,6,28,stable,on_time,Repaid
SI/2401119,e59260666ea17a4cd2b4a888b8f8d8cd9d88287494a57690812be459dca4788c,2025-09-04,INV,Sai Auto Components,27AABCS4444D1Z9,AABCS4444D,UDYAM-MH-02-0045678,Pune-Chakan,Precision Parts Manufacturing,27AABCP6789N1Z3,AABCP6789N,Maharashtra,Chakan,stampings,7326,10000,35,350000,18,31500.0,31500.0,413000.0,531804237227,Yes,2025-09-04,Road,MH02RM4762,Yes,2025-09-04,Yes,5,6,0,growing,on_time,Repaid
SI/2401120,6a28d5235fec44a8d537a57c91e60ed45495cca85a34fc9fd34ea29a769f8cdb,2025-07-24,INV,Mahalaxmi Precision Parts,27AABCM2222B1Z3,AABCM2222B,UDYAM-MH-02-0023456,Pune-Chakan,National Auto Accessories Ltd,27AABCN1234P1Z1,AABCN1234P,Maharashtra,Nashik,bushings,8483,1000,65,65000,18,5850.0,5850.0,76700.0,989196602563,Yes,2025-07-24,Road,MH12DT1550,No,,Yes,5,6,21,stable,on_time,Repaid
SI/2401121,7b50146da1824fa379e9ea07ae06c600b5047eae3505ac56e3ab0db5e1471d38,2025-11-08,INV,Sai Auto Components,27AABCS4444D1Z9,AABCS4444D,UDYAM-MH-02-0045678,Pune-Chakan,Anchor Auto Components Pvt Ltd,27AABCA1234B1Z5,AABCA1234B,Maharashtra,Chakan,castings,7325,500,120,60000,18,5400.0,5400.0,70800.0,163462710020,Yes,2025-11-08,Road,MH04HJ3347,Yes,2025-11-09,Yes,6,6,1,growing,on_time,Repaid
SI/2401122,edb00c8e3ce5b8f591f3227e7b7996fa865007ed47c4108a5d7950b3fbc4cfa9,2025-04-18,INV,Gurukrupa Metal Works,27AABCG5555E1Z7,AABCG5555E,UDYAM-MH-02-0056789,Chakan,Kisan Motors India Pvt Ltd,27AABCK3456H1Z9,AABCK3456H,Maharashtra,Aurangabad,gaskets,8484,2000,65,130000,18,11700.0,11700.0,153400.0,,No,,,,No,,No,3,6,47,declining,late,Defaulted
SI/2401123,97e1e87d9bfd53b459fa3830ecc4e5a9d3fc2711057fcf3ffbd638036668b498,2025-08-13,INV,Gurukrupa Metal Works,27AABCG5555E1Z7,AABCG5555E,UDYAM-MH-02-0056789,Chakan,Verma Udyog Pvt Ltd,27AABCV2345L1Z5,AABCV2345L,Maharashtra,Chakan,gaskets,8484,5000,35,175000,18,15750.0,15750.0,206500.0,622001427120,Yes,2025-08-13,Road,MH12RN7824,No,,Yes,2,6,57,declining,very_late,Defaulted
SI/2401124,d638502ec54c31de7df5b1e28fd207327314d20aea8a1ff628fb245e63c3bf3a,2025-07-11,INV,Gurukrupa Metal Works,27AABCG5555E1Z7,AABCG5555E,UDYAM-MH-02-0056789,Chakan,Reliable Engineering Works,27AABCR9012F1Z1,AABCR9012F,Maharashtra,Pune,gaskets,8484,1000,65,65000,18,5850.0,5850.0,76700.0,597882170008,Yes,2025-07-11,Road,MH12CG4555,No,,Yes,4,6,15,stable,on_time,Repaid
SI/2401125,f5b58e8d7a53964449a6fc6aebd5476dfb83e04b6dc447c4e1033ac0a6a4b879,2025-07-07,INV,Sai Auto Components,27AABCS4444D1Z9,AABCS4444D,UDYAM-MH-02-0045678,Pune-Chakan,Kisan Motors India Pvt Ltd,27AABCK3456H1Z9,AABCK3456H,Maharashtra,Aurangabad,bushings,8483,2000,15,30000,18,2700.0,2700.0,35400.0,,No,,,,No,,Yes,3,6,54,declining,late,Defaulted
SI/2401126,a3002278a115961da06d7be7beeebad492d119bf4c8f49ed6ef6dd595058ff08,2025-08-09,INV,Jay Bhavani Engineering,27AABCJ3333C1Z1,AABCJ3333C,UDYAM-MH-02-0034567,Pimpri-Chinchwad,Precision Parts Manufacturing,27AABCP6789N1Z3,AABCP6789N,Maharashtra,Chakan,springs,7320,10000,85,850000,18,76500.0,76500.0,1003000.0,649252495040,Yes,2025-08-09,Road,MH12SH3390,Yes,2025-08-10,Yes,5,6,18,growing,on_time,Repaid
SI/2401127,7db299d668399bb1b9c4526a370c728fc268c9b060ae9df84c048a760809c853,2025-07-11,INV,Shree Ganesh Stampings,27AABCS1111A1Z5,AABCS1111A,UDYAM-MH-02-0012345,Pune-Chakan,Shakti Castings & Alloys,27AABCS7890J1Z7,AABCS7890J,Maharashtra,Pune,gaskets,8484,2000,35,70000,18,6300.0,6300.0,82600.0,646516248963,Yes,2025-07-11,Road,MH02OF6770,No,,No,2,6,62,declining,late,Defaulted
SI/2401128,ce7c2f3a128bdc9e7b0a1ed11559bff1ad7af2fb89371e5e7e8ed415f3424be2,2025-12-02,INV,Mahalaxmi Precision Parts,27AABCM2222B1Z3,AABCM2222B,UDYAM-MH-02-0023456,Pune-Chakan,Reliable Engineering Works,27AABCR9012F1Z1,AABCR9012F,Maharashtra,Pune,springs,7320,1000,15,15000,18,1350.0,1350.0,17700.0,837952673289,Yes,2025-12-02,Road,MH12GQ8471,Yes,2025-12-02,Yes,5,6,15,stable,on_time,Repaid
SI/2401129,6cfacac500adb42dddbf8b2437ef8a30b35e591370454f1521d763f7eb9e75e0,2025-04-18,INV,Jay Bhavani Engineering,27AABCJ3333C1Z1,AABCJ3333C,UDYAM-MH-02-0034567,Pimpri-Chinchwad,Anchor Auto Components Pvt Ltd,27AABCA1234B1Z5,AABCA1234B,Maharashtra,Chakan,springs,7320,5000,15,75000,18,6750.0,6750.0,88500.0,117230768734,Yes,2025-04-18,Road,MH02ZF2753,Yes,2025-04-19,Yes,5,6,19,growing,on_time,Repaid
SI/2401130,48d43408b91f61d7d50a0ec621e8cca1afae1484185e3a647822d71defccbf1c,2025-09-09,INV,Shree Ganesh Stampings,27AABCS1111A1Z5,AABCS1111A,UDYAM-MH-02-0012345,Pune-Chakan,Reliable Engineering Works,27AABCR9012F1Z1,AABCR9012F,Maharashtra,Pune,castings,7325,1000,65,65000,18,5850.0,5850.0,76700.0,508361278207,Yes,2025-09-09,Road,MH12UU1519,No,,Yes,4,6,37,stable,on_time,Repaid
SI/2401131,9a6106c6f6f5eca833f393417db2ec8135475ec20a5ce76ecd6c09e00e781279,2025-04-21,INV,Shree Ganesh Stampings,27AABCS1111A1Z5,AABCS1111A,UDYAM-MH-02-0012345,Pune-Chakan,Precision Parts Manufacturing,27AABCP6789N1Z3,AABCP6789N,Maharashtra,Chakan,gaskets,8484,5000,180,900000,18,81000.0,81000.0,1062000.0,190930400065,Yes,2025-04-21,Road,MH12HG8790,Yes,2025-04-22,Yes,4,6,36,growing,on_time,Repaid
SI/2401132,dd4e7511bfec97d719508302738aeab2d9956a58d2d8529c9dbf1a49914f7ac8,2025-06-28,INV,Jay Bhavani Engineering,27AABCJ3333C1Z1,AABCJ3333C,UDYAM-MH-02-0034567,Pimpri-Chinchwad,Anchor Auto Components Pvt Ltd,27AABCA1234B1Z5,AABCA1234B,Maharashtra,Chakan,stampings,7326,2000,15,30000,18,2700.0,2700.0,35400.0,331762745410,Yes,2025-06-28,Road,MH02VR6435,Yes,2025-06-28,Yes,5,6,20,growing,on_time,Repaid
SI/2401133,665c3afbc893002eb85cbfae1b83899707edf7c8ebae4e8844d8d95348e1ef24,2025-04-04,INV,Sai Auto Components,27AABCS4444D1Z9,AABCS4444D,UDYAM-MH-02-0045678,Pune-Chakan,Reliable Engineering Works,27AABCR9012F1Z1,AABCR9012F,Maharashtra,Pune,stampings,7326,10000,85,850000,18,76500.0,76500.0,1003000.0,185206458852,Yes,2025-04-04,Road,MH02PH6829,Yes,2025-04-05,No,4,6,34,stable,on_time,Repaid
SI/2401134,2a67cfe840f8a0d2b43e04fe7bb56206e214a86de0ef65a52c5fd05d2240baba,2025-05-25,INV,Gurukrupa Metal Works,27AABCG5555E1Z7,AABCG5555E,UDYAM-MH-02-0056789,Chakan,Precision Parts Manufacturing,27AABCP6789N1Z3,AABCP6789N,Maharashtra,Chakan,gaskets,8484,1000,120,120000,18,10800.0,10800.0,141600.0,374010560537,Yes,2025-05-25,Road,MH02KL2745,Yes,2025-05-25,Yes,4,6,23,growing,on_time,Repaid
SI/2401135,6c46aa2e395d1ce81a59a0780e8a122dd64b728118392e331a04c27813d64252,2025-08-04,INV,Shree Ganesh Stampings,27AABCS1111A1Z5,AABCS1111A,UDYAM-MH-02-0012345,Pune-Chakan,Anchor Auto Components Pvt Ltd,27AABCA1234B1Z5,AABCA1234B,Maharashtra,Chakan,fasteners,7318,5000,85,425000,18,38250.0,38250.0,501500.0,573251244158,Yes,2025-08-04,Road,MH04MA5781,Yes,2025-08-05,Yes,6,6,14,growing,on_time,Repaid
SI/2401136,8cc1b845572a8c8cf0f85142d316222ae7e139cb317fbc56fc08702dd6bcb95a,2025-12-06,INV,Sai Auto Components,27AABCS4444D1Z9,AABCS4444D,UDYAM-MH-02-0045678,Pune-Chakan,Precision Parts Manufacturing,27AABCP6789N1Z3,AABCP6789N,Maharashtra,Chakan,stampings,7326,10000,45,450000,18,40500.0,40500.0,531000.0,251051859836,Yes,2025-12-06,Road,MH02ZC6916,Yes,2025-12-07,Yes,6,6,16,growing,on_time,Repaid
SI/2401137,c15cffd38ab9ab9bc59c0a288a23dd9f8cbec5998fe1ce9abd87570cec8e388a,2025-11-04,INV,Jay Bhavani Engineering,27AABCJ3333C1Z1,AABCJ3333C,UDYAM-MH-02-0034567,Pimpri-Chinchwad,Kisan Motors India Pvt Ltd,27AABCK3456H1Z9,AABCK3456H,Maharashtra,Aurangabad,springs,7320,10000,45,450000,18,40500.0,40500.0,531000.0,466771704281,Yes,2025-11-04,Road,MH14JK4290,No,,Yes,3,6,46,declining,late,Repaid
SI/2401138,026368c5106209ccadcc366c5b06334ef85676aa21cc165571d3887c579fa635,2025-08-24,INV,Sai Auto Components,27AABCS4444D1Z9,AABCS4444D,UDYAM-MH-02-0045678,Pune-Chakan,Verma Udyog Pvt Ltd,27AABCV2345L1Z5,AABCV2345L,Maharashtra,Chakan,forgings,7207,5000,85,425000,18,38250.0,38250.0,501500.0,,No,,,,No,,No,1,6,58,declining,very_late,Defaulted
SI/2401139,c97132d7d9d71a2668ecdd76fd294f838be9cccd3f636d96e3be67b1ef382569,2025-11-26,INV,Gurukrupa Metal Works,27AABCG5555E1Z7,AABCG5555E,UDYAM-MH-02-0056789,Chakan,Reliable Engineering Works,27AABCR9012F1Z1,AABCR9012F,Maharashtra,Pune,brackets,7326,5000,45,225000,18,20250.0,20250.0,265500.0,175990148909,Yes,2025-11-26,Road,MH14IV3525,No,,Yes,4,6,28,stable,on_time,Repaid
SI/2401140,f8595616d7b75d38280a7517c49866bc5ab365276fb9167d4a6388ae76c85b7d,2025-10-18,INV,Sai Auto Components,27AABCS4444D1Z9,AABCS4444D,UDYAM-MH-02-0045678,Pune-Chakan,Precision Parts Manufacturing,27AABCP6789N1Z3,AABCP6789N,Maharashtra,Chakan,stampings,7326,5000,180,900000,18,81000.0,81000.0,1062000.0,562532367627,Yes,2025-10-18,Road,MH12YH6816,Yes,2025-10-19,Yes,5,6,0,growing,on_time,Repaid
SI/2401141,a0ea8ecfe9c0a8fc8a3e92a2a870a0db6eff29585e193c653888cdb4b766d94e,2025-05-01,INV,Mahalaxmi Precision Parts,27AABCM2222B1Z3,AABCM2222B,UDYAM-MH-02-0023456,Pune-Chakan,Anchor Auto Components Pvt Ltd,27AABCA1234B1Z5,AABCA1234B,Maharashtra,Chakan,gaskets,8484,2000,120,240000,18,21600.0,21600.0,283200.0,659299235871,Yes,2025-05-01,Road,MH14LA8909,Yes,2025-05-01,Yes,4,6,18,growing,on_time,Repaid
SI/2401142,7585223dd8dc7bf1e3ca14b0b73fc0d8ff648bf7fcba6131ba6fbc97d03ae906,2025-06-12,INV,Shree Ganesh Stampings,27AABCS1111A1Z5,AABCS1111A,UDYAM-MH-02-0012345,Pune-Chakan,Shakti Castings & Alloys,27AABCS7890J1Z7,AABCS7890J,Maharashtra,Pune,gaskets,8484,500,25,12500,18,1125.0,1125.0,14750.0,960949097963,Yes,2025-06-12,Road,MH12JB2885,Yes,2025-06-13,Yes,4,6,57,declining,late,Repaid
SI/2401143,a79720532347d5de8677689d70e6b2ae9479e01b1e226076a2793b25873c06fa,2025-12-06,INV,Shree Ganesh Stampings,27AABCS1111A1Z5,AABCS1111A,UDYAM-MH-02-0012345,Pune-Chakan,Verma Udyog Pvt Ltd,27AABCV2345L1Z5,AABCV2345L,Maharashtra,Chakan,stampings,7326,1000,45,45000,18,4050.0,4050.0,53100.0,715601913080,Yes,2025-12-06,Road,MH02MA4232,No,,No,2,6,48,declining,very_late,Defaulted
SI/2401144,3940030f98e03079705f1b653c4485be8fe7a3fc3bea5daee0f9f4dbcdce3be5,2025-07-09,INV,Sai Auto Components,27AABCS4444D1Z9,AABCS4444D,UDYAM-MH-02-0045678,Pune-Chakan,Precision Parts Manufacturing,27AABCP6789N1Z3,AABCP6789N,Maharashtra,Chakan,gaskets,8484,500,45,22500,18,2025.0,2025.0,26550.0,975351829076,Yes,2025-07-09,Road,MH12IV9019,Yes,2025-07-09,Yes,4,6,9,growing,on_time,Repaid
SI/2401145,da2228a0ac2e9b4ed7214d725089fbda65cbadb927e95534abd70f7087e54021,2025-05-12,INV,Gurukrupa Metal Works,27AABCG5555E1Z7,AABCG5555E,UDYAM-MH-02-0056789,Chakan,Verma Udyog Pvt Ltd,27AABCV2345L1Z5,AABCV2345L,Maharashtra,Chakan,gaskets,8484,10000,120,1200000,18,108000.0,108000.0,1416000.0,780571329007,Yes,2025-05-12,Road,MH14KD4908,No,,No,2,6,40,declining,very_late,Defaulted
SI/2401146,a442ae7d626b20f079867242cc4346833115e40f778a84e7ff7b0a7be041d6ca,2025-12-13,INV,Jay Bhavani Engineering,27AABCJ3333C1Z1,AABCJ3333C,UDYAM-MH-02-0034567,Pimpri-Chinchwad,Metro Forgings & Stampings Ltd,27AABCM5678D1Z3,AABCM5678D,Maharashtra,Pimpri-Chinchwad,forgings,7207,2000,35,70000,18,6300.0,6300.0,82600.0,731952328034,Yes,2025-12-13,Road,MH14RF9022,Yes,2025-12-13,Yes,3,6,12,stable,on_time,Repaid
SI/2401147,5888c18d4fd54711bd1143a1262833bec11f83e8807fc162bdf18bfec850cd81,2025-04-28,INV,Jay Bhavani Engineering,27AABCJ3333C1Z1,AABCJ3333C,UDYAM-MH-02-0034567,Pimpri-Chinchwad,Reliable Engineering Works,27AABCR9012F1Z1,AABCR9012F,Maharashtra,Pune,forgings,7207,2000,180,360000,18,32400.0,32400.0,424800.0,632617105267,Yes,2025-04-28,Road,MH02WO9006,Yes,2025-04-28,No,3,6,21,stable,on_time,Repaid
SI/2401148,808317ab33d97b7399d638cabefa62fe0c922f2bcedab159ebe370c906e8174c,2025-04-09,INV,Mahalaxmi Precision Parts,27AABCM2222B1Z3,AABCM2222B,UDYAM-MH-02-0023456,Pune-Chakan,Metro Forgings & Stampings Ltd,27AABCM5678D1Z3,AABCM5678D,Maharashtra,Pimpri-Chinchwad,brackets,7326,1000,65,65000,18,5850.0,5850.0,76700.0,285923423266,Yes,2025-04-09,Road,MH12IY9898,No,,Yes,5,6,6,stable,on_time,Repaid
SI/2401149,8216bbeef0bd70269b872fe7414742c2f658cb91d879d1f961e263ffbc11f6fc,2025-10-04,INV,Jay Bhavani Engineering,27AABCJ3333C1Z1,AABCJ3333C,UDYAM-MH-02-0034567,Pimpri-Chinchwad,Anchor Auto Components Pvt Ltd,27AABCA1234B1Z5,AABCA1234B,Maharashtra,Chakan,springs,7320,10000,45,450000,18,40500.0,40500.0,531000.0,927441219419,Yes,2025-10-04,Road,MH12YZ4882,Yes,2025-10-04,Yes,4,6,22,growing,on_time,Repaid
SI/2401150,62fb8e18245b86ed84ed66bb699d7b1f3c0c585139c324dbaff3ac4e54278e42,2025-07-27,INV,Mahalaxmi Precision Parts,27AABCM2222B1Z3,AABCM2222B,UDYAM-MH-02-0023456,Pune-Chakan,Verma Udyog Pvt Ltd,27AABCV2345L1Z5,AABCV2345L,Maharashtra,Chakan,gaskets,8484,1000,35,35000,18,3150.0,3150.0,41300.0,723025197875,Yes,2025-07-27,Road,MH04SI9428,No,,Yes,1,6,59,declining,very_late,Repaid
SI/2401151,47166373d246eaece8eec6ccd22443b9b306246c64c3fc1ed3bfae8d58e7c0f2,2025-06-23,INV,Shree Ganesh Stampings,27AABCS1111A1Z5,AABCS1111A,UDYAM-MH-02-0012345,Pune-Chakan,Reliable Engineering Works,27AABCR9012F1Z1,AABCR9012F,Maharashtra,Pune,gaskets,8484,500,65,32500,18,2925.0,2925.0,38350.0,259986145546,Yes,2025-06-23,Road,MH04UN7146,No,,No,4,6,7,stable,on_time,Repaid
SI/2401152,982d0a934971fa06831c238040d93dfc2f7b9d411af5ab6d7a1a0ac97e85f75f,2025-09-15,INV,Sai Auto Components,27AABCS4444D1Z9,AABCS4444D,UDYAM-MH-02-0045678,Pune-Chakan,Metro Forgings & Stampings Ltd,27AABCM5678D1Z3,AABCM5678D,Maharashtra,Pimpri-Chinchwad,stampings,7326,5000,65,325000,18,29250.0,29250.0,383500.0,737060856551,Yes,2025-09-15,Road,MH12ZR7516,Yes,2025-09-15,Yes,3,6,21,stable,on_time,Repaid
SI/2401153,61e0787c20520a5a1d95454dcc2e5b631efa4df6044ede5998e6694b90eff2ee,2025-09-27,INV,Mahalaxmi Precision Parts,27AABCM2222B1Z3,AABCM2222B,UDYAM-MH-02-0023456,Pune-Chakan,Precision Parts Manufacturing,27AABCP6789N1Z3,AABCP6789N,Maharashtra,Chakan,castings,7325,5000,65,325000,18,29250.0,29250.0,383500.0,733710873349,Yes,2025-09-27,Road,MH02AD3588,Yes,2025-09-28,Yes,6,6,1,growing,on_time,Repaid
SI/2401154,5c1ecfc0b7acab3683e23e6800262b8df30e5e87e1b6ad16580ce9c66648fc03,2025-06-21,INV,Sai Auto Components,27AABCS4444D1Z9,AABCS4444D,UDYAM-MH-02-0045678,Pune-Chakan,National Auto Accessories Ltd,27AABCN1234P1Z1,AABCN1234P,Maharashtra,Nashik,brackets,7326,5000,45,225000,18,20250.0,20250.0,265500.0,404412657737,Yes,2025-06-21,Road,MH02UJ4836,Yes,2025-06-22,Yes,3,6,45,stable,on_time,Repaid
SI/2401155,655795a79e98715b8cafa852e4cfe4961e52909405ea4b030572a1f38eddb2f9,2025-11-03,INV,Sai Auto Components,27AABCS4444D1Z9,AABCS4444D,UDYAM-MH-02-0045678,Pune-Chakan,Metro Forgings & Stampings Ltd,27AABCM5678D1Z3,AABCM5678D,Maharashtra,Pimpri-Chinchwad,stampings,7326,500,45,22500,18,2025.0,2025.0,26550.0,667907165425,Yes,2025-11-03,Road,MH14PC4751,Yes,2025-11-03,Yes,4,6,22,stable,on_time,Repaid
SI/2401156,5744262f367cf1643f38bad83144cbd39324e4eea295a1d946f261c2b75d824f,2025-09-10,INV,Sai Auto Components,27AABCS4444D1Z9,AABCS4444D,UDYAM-MH-02-0045678,Pune-Chakan,Metro Forgings & Stampings Ltd,27AABCM5678D1Z3,AABCM5678D,Maharashtra,Pimpri-Chinchwad,stampings,7326,500,85,42500,18,3825.0,3825.0,50150.0,996675185035,Yes,2025-09-10,Road,MH12TU3688,No,,Yes,5,6,17,stable,on_time,Repaid
SI/2401157,db79adb1e92ec80417937474e80387a5ac92a207aea7af4573eb4e1b3cdb53a3,2025-11-28,INV,Sai Auto Components,27AABCS4444D1Z9,AABCS4444D,UDYAM-MH-02-0045678,Pune-Chakan,Verma Udyog Pvt Ltd,27AABCV2345L1Z5,AABCV2345L,Maharashtra,Chakan,castings,7325,1000,120,120000,18,10800.0,10800.0,141600.0,211225019785,Yes,2025-11-28,Road,MH14HI2380,No,,Yes,2,6,52,declining,very_late,Defaulted
SI/2401158,8e4ca986bb74b5e78b11cff103255f809b0f1fcd5e570eb56a927ff35880ccbc,2025-12-20,INV,Mahalaxmi Precision Parts,27AABCM2222B1Z3,AABCM2222B,UDYAM-MH-02-0023456,Pune-Chakan,Shakti Castings & Alloys,27AABCS7890J1Z7,AABCS7890J,Maharashtra,Pune,brackets,7326,2000,45,90000,18,8100.0,8100.0,106200.0,532708693586,Yes,2025-12-20,Road,MH12HP2163,No,,Yes,4,6,33,declining,late,Repaid
SI/2401159,c03c1c501bebca8d80830bb86aa381f9ba0dd8fa10c266d028070f36e64be257,2025-10-28,INV,Gurukrupa Metal Works,27AABCG5555E1Z7,AABCG5555E,UDYAM-MH-02-0056789,Chakan,Anchor Auto Components Pvt Ltd,27AABCA1234B1Z5,AABCA1234B,Maharashtra,Chakan,bushings,8483,2000,35,70000,18,6300.0,6300.0,82600.0,501239553647,Yes,2025-10-28,Road,MH12AI4534,Yes,2025-10-28,Yes,6,6,3,growing,on_time,Defaulted
SI/2401160,6d4a0f8e69643334cbe66b031fd19ef9d2dbb9966ed61a29912f3fb185e9f807,2025-12-25,INV,Shree Ganesh Stampings,27AABCS1111A1Z5,AABCS1111A,UDYAM-MH-02-0012345,Pune-Chakan,Anchor Auto Components Pvt Ltd,27AABCA1234B1Z5,AABCA1234B,Maharashtra,Chakan,gaskets,8484,10000,65,650000,18,58500.0,58500.0,767000.0,541100917930,Yes,2025-12-25,Road,MH14RK7401,Yes,2025-12-25,Yes,5,6,19,growing,on_time,Repaid
SI/2401161,1cc5efa2229f618e4f9fc73d68baaad64cd74be6620d4d45db0a36aac8d8d0b3,2025-04-08,INV,Gurukrupa Metal Works,27AABCG5555E1Z7,AABCG5555E,UDYAM-MH-02-0056789,Chakan,Metro Forgings & Stampings Ltd,27AABCM5678D1Z3,AABCM5678D,Maharashtra,Pimpri-Chinchwad,fasteners,7318,5000,45,225000,18,20250.0,20250.0,265500.0,226420144405,Yes,2025-04-08,Road,MH14WA3684,Yes,2025-04-08,Yes,5,6,1,stable,on_time,Repaid
SI/2401162,9f152ef80c9816528b0f42c7c3472b48406c0f75f1410a64f8a429b1704eddc3,2025-06-24,INV,Sai Auto Components,27AABCS4444D1Z9,AABCS4444D,UDYAM-MH-02-0045678,Pune-Chakan,Verma Udyog Pvt Ltd,27AABCV2345L1Z5,AABCV2345L,Maharashtra,Chakan,fasteners,7318,1000,85,85000,18,7650.0,7650.0,100300.0,,No,,,,No,,Yes,3,6,50,declining,very_late,Defaulted
SI/2401163,d0712473b604ff7958049809718ff57d079c66658c753b1440e75b934d610a21,2025-04-16,INV,Jay Bhavani Engineering,27AABCJ3333C1Z1,AABCJ3333C,UDYAM-MH-02-0034567,Pimpri-Chinchwad,Metro Forgings & Stampings Ltd,27AABCM5678D1Z3,AABCM5678D,Maharashtra,Pimpri-Chinchwad,springs,7320,5000,85,425000,18,38250.0,38250.0,501500.0,504443675955,Yes,2025-04-16,Road,MH12BA5006,Yes,2025-04-16,No,4,6,13,stable,on_time,Repaid
SI/2401164,914ff22b98e2062e6c1d440d461f94e3a5d60b2addcd84fa69d00a9a0f5ac3c4,2025-06-28,INV,Shree Ganesh Stampings,27AABCS1111A1Z5,AABCS1111A,UDYAM-MH-02-0012345,Pune-Chakan,National Auto Accessories Ltd,27AABCN1234P1Z1,AABCN1234P,Maharashtra,Nashik,bushings,8483,5000,35,175000,18,15750.0,15750.0,206500.0,914815514919,Yes,2025-06-28,Road,MH12SL2956,No,,Yes,4,6,52,stable,on_time,Repaid
SI/2401165,2023a2e33621d6106df52bdac3f9acd9a19a608f5115ee6366de0ad6ad278b2b,2025-10-03,INV,Gurukrupa Metal Works,27AABCG5555E1Z7,AABCG5555E,UDYAM-MH-02-0056789,Chakan,Anchor Auto Components Pvt Ltd,27AABCA1234B1Z5,AABCA1234B,Maharashtra,Chakan,forgings,7207,1000,15,15000,18,1350.0,1350.0,17700.0,412957225436,Yes,2025-10-03,Road,MH04XT4974,Yes,2025-10-04,Yes,5,6,7,growing,on_time,Repaid
SI/2401166,2f63204cfe33d88157b5bee5edf67575e6a559441846308f7fba6c6728ec237f,2025-06-01,INV,Sai Auto Components,27AABCS4444D1Z9,AABCS4444D,UDYAM-MH-02-0045678,Pune-Chakan,Verma Udyog Pvt Ltd,27AABCV2345L1Z5,AABCV2345L,Maharashtra,Chakan,springs,7320,1000,45,45000,18,4050.0,4050.0,53100.0,,No,,,,No,,Yes,1,6,58,declining,very_late,Repaid
SI/2401167,e077e22d6d27ab7542c6520690c46997c0a42a250d7e273e879e0052e83f9880,2025-10-16,INV,Jay Bhavani Engineering,27AABCJ3333C1Z1,AABCJ3333C,UDYAM-MH-02-0034567,Pimpri-Chinchwad,Metro Forgings & Stampings Ltd,27AABCM5678D1Z3,AABCM5678D,Maharashtra,Pimpri-Chinchwad,castings,7325,10000,45,450000,18,40500.0,40500.0,531000.0,882295537316,Yes,2025-10-16,Road,MH04OX2391,Yes,2025-10-16,No,5,6,10,stable,on_time,Repaid
SI/2401168,3706b62e5468983a98a74de5c1f64f13cca2ad508c4d14cd78847201480b6052,2025-04-14,INV,Gurukrupa Metal Works,27AABCG5555E1Z7,AABCG5555E,UDYAM-MH-02-0056789,Chakan,Metro Forgings & Stampings Ltd,27AABCM5678D1Z3,AABCM5678D,Maharashtra,Pimpri-Chinchwad,forgings,7207,5000,25,125000,18,11250.0,11250.0,147500.0,358259425584,Yes,2025-04-14,Road,MH02IH2223,Yes,2025-04-15,No,3,6,29,stable,on_time,Repaid
SI/2401169,ca8289aaa39d69e884d96f652baa168ce19be09ccb3c6f8955ddd5e64e2baaaf,2025-06-15,INV,Mahalaxmi Precision Parts,27AABCM2222B1Z3,AABCM2222B,UDYAM-MH-02-0023456,Pune-Chakan,Reliable Engineering Works,27AABCR9012F1Z1,AABCR9012F,Maharashtra,Pune,stampings,7326,1000,25,25000,18,2250.0,2250.0,29500.0,230594976994,Yes,2025-06-15,Road,MH04WW1660,Yes,2025-06-15,Yes,3,6,26,stable,on_time,Repaid
SI/2401170,ca175655cbea36679e41e5d8724144df9263ccc3c764aade63febaffe8d891b4,2025-09-13,INV,Mahalaxmi Precision Parts,27AABCM2222B1Z3,AABCM2222B,UDYAM-MH-02-0023456,Pune-Chakan,Verma Udyog Pvt Ltd,27AABCV2345L1Z5,AABCV2345L,Maharashtra,Chakan,forgings,7207,500,45,22500,18,2025.0,2025.0,26550.0,429325994952,Yes,2025-09-13,Road,MH14DO2669,No,,No,3,6,63,declining,very_late,Defaulted
SI/2401171,bbd915a01ade4293017c6ed36fefd8c2c0f82e9f5c555970ffd01f47422a45d9,2025-06-07,INV,Mahalaxmi Precision Parts,27AABCM2222B1Z3,AABCM2222B,UDYAM-MH-02-0023456,Pune-Chakan,Metro Forgings & Stampings Ltd,27AABCM5678D1Z3,AABCM5678D,Maharashtra,Pimpri-Chinchwad,brackets,7326,500,45,22500,18,2025.0,2025.0,26550.0,853218034327,Yes,2025-06-07,Road,MH12GU8265,Yes,2025-06-07,Yes,5,6,36,stable,on_time,Defaulted
SI/2401172,164a61715ed122a02d6ad66cca32286bb311323769d2d60c9cadd9a63d6ef230,2025-11-02,INV,Mahalaxmi Precision Parts,27AABCM2222B1Z3,AABCM2222B,UDYAM-MH-02-0023456,Pune-Chakan,Metro Forgings & Stampings Ltd,27AABCM5678D1Z3,AABCM5678D,Maharashtra,Pimpri-Chinchwad,bushings,8483,500,15,7500,18,675.0,675.0,8850.0,574911216420,Yes,2025-11-02,Road,MH14FI5585,No,,Yes,6,6,20,stable,on_time,Repaid
SI/2401173,44475fe117b167fb0665cddf5ae79cad241c51bd73eb4b188d26a483470fae19,2025-08-16,INV,Sai Auto Components,27AABCS4444D1Z9,AABCS4444D,UDYAM-MH-02-0045678,Pune-Chakan,Reliable Engineering Works,27AABCR9012F1Z1,AABCR9012F,Maharashtra,Pune,brackets,7326,10000,45,450000,18,40500.0,40500.0,531000.0,626351199913,Yes,2025-08-16,Road,MH14UZ9907,Yes,2025-08-17,Yes,3,6,28,stable,on_time,Repaid
SI/2401174,9e8dc77d051e7d00a7f3a3d048dbbcf381e92ac08dd8215e708a0552f58c6beb,2025-09-19,INV,Shree Ganesh Stampings,27AABCS1111A1Z5,AABCS1111A,UDYAM-MH-02-0012345,Pune-Chakan,Precision Parts Manufacturing,27AABCP6789N1Z3,AABCP6789N,Maharashtra,Chakan,bushings,8483,5000,180,900000,18,81000.0,81000.0,1062000.0,398020828313,Yes,2025-09-19,Road,MH02QL4813,Yes,2025-09-20,Yes,6,6,15,growing,on_time,Repaid
SI/2401175,4a1950560e288581e2b0d216cbf32a322b0d81a1bec8a6af8ed6da36537dd3a3,2025-12-27,INV,Mahalaxmi Precision Parts,27AABCM2222B1Z3,AABCM2222B,UDYAM-MH-02-0023456,Pune-Chakan,Metro Forgings & Stampings Ltd,27AABCM5678D1Z3,AABCM5678D,Maharashtra,Pimpri-Chinchwad,castings,7325,1000,65,65000,18,5850.0,5850.0,76700.0,163295191345,Yes,2025-12-27,Road,MH14FH6210,No,,No,3,6,4,stable,on_time,Repaid
SI/2401176,2d37d489f6139b4d6c318db18a9bbf2deafbbb6b24da17a037bb5acab5ff8392,2025-07-27,INV,Jay Bhavani Engineering,27AABCJ3333C1Z1,AABCJ3333C,UDYAM-MH-02-0034567,Pimpri-Chinchwad,Anchor Auto Components Pvt Ltd,27AABCA1234B1Z5,AABCA1234B,Maharashtra,Chakan,bushings,8483,10000,35,350000,18,31500.0,31500.0,413000.0,694819584541,Yes,2025-07-27,Road,MH02AK4300,Yes,2025-07-28,Yes,6,6,12,growing,on_time,Defaulted
SI/2401177,62ece002ac52ad1d5d529eea3f0110e40b5e0c71b2f6ed4c241899737b62317e,2025-04-05,INV,Mahalaxmi Precision Parts,27AABCM2222B1Z3,AABCM2222B,UDYAM-MH-02-0023456,Pune-Chakan,Verma Udyog Pvt Ltd,27AABCV2345L1Z5,AABCV2345L,Maharashtra,Chakan,forgings,7207,2000,15,30000,18,2700.0,2700.0,35400.0,258558270377,Yes,2025-04-05,Road,MH02SD6514,No,,No,3,6,42,declining,very_late,Defaulted
SI/2401178,648ffc78a302d1067efdc12563830393b8166ee3d49e0f2f2fa6254ce4328398,2025-11-21,INV,Jay Bhavani Engineering,27AABCJ3333C1Z1,AABCJ3333C,UDYAM-MH-02-0034567,Pimpri-Chinchwad,Verma Udyog Pvt Ltd,27AABCV2345L1Z5,AABCV2345L,Maharashtra,Chakan,forgings,7207,1000,120,120000,18,10800.0,10800.0,141600.0,862622885564,Yes,2025-11-21,Road,MH02JX5825,No,,No,1,6,73,declining,very_late,Repaid
SI/2401179,d1633648c98166c709bb5828462982ec6060338652cc762a0a4666d32fa2b2f6,2025-04-06,INV,Mahalaxmi Precision Parts,27AABCM2222B1Z3,AABCM2222B,UDYAM-MH-02-0023456,Pune-Chakan,Reliable Engineering Works,27AABCR9012F1Z1,AABCR9012F,Maharashtra,Pune,brackets,7326,10000,120,1200000,18,108000.0,108000.0,1416000.0,993014059284,Yes,2025-04-06,Road,MH12HL6234,No,,Yes,3,6,12,stable,on_time,Repaid
SI/2401180,1f02c745666e8a40baf443c931ed95a3b7e44a085726fc854b1eef73e9de07af,2025-08-07,INV,Mahalaxmi Precision Parts,27AABCM2222B1Z3,AABCM2222B,UDYAM-MH-02-0023456,Pune-Chakan,Metro Forgings & Stampings Ltd,27AABCM5678D1Z3,AABCM5678D,Maharashtra,Pimpri-Chinchwad,bushings,8483,5000,15,75000,18,6750.0,6750.0,88500.0,482543265708,Yes,2025-08-07,Road,MH14NP7204,Yes,2025-08-07,Yes,5,6,21,stable,on_time,Repaid
SI/2401181,af2a042410882f566fc1fa983e35bbd4cd187c7664106457dd800f52b9e09e8f,2025-06-15,INV,Jay Bhavani Engineering,27AABCJ3333C1Z1,AABCJ3333C,UDYAM-MH-02-0034567,Pimpri-Chinchwad,Precision Parts Manufacturing,27AABCP6789N1Z3,AABCP6789N,Maharashtra,Chakan,stampings,7326,5000,45,225000,18,20250.0,20250.0,265500.0,137992260600,Yes,2025-06-15,Road,MH14XC9962,Yes,2025-06-16,Yes,5,6,17,growing,on_time,Repaid
SI/2401182,8d4ed5b92fd4c0042b1e56b2ebb1b15c4e405b7eec09ff988ec3a9cd35156413,2025-06-20,INV,Shree Ganesh Stampings,27AABCS1111A1Z5,AABCS1111A,UDYAM-MH-02-0012345,Pune-Chakan,Verma Udyog Pvt Ltd,27AABCV2345L1Z5,AABCV2345L,Maharashtra,Chakan,springs,7320,500,120,60000,18,5400.0,5400.0,70800.0,,No,,,,No,,Yes,2,6,66,declining,very_late,Defaulted
SI/2401183,1b1d00913221c2dd38a9b71e80c20aa32b331618e1cc3e1f2b3e63082394c811,2025-06-02,INV,Mahalaxmi Precision Parts,27AABCM2222B1Z3,AABCM2222B,UDYAM-MH-02-0023456,Pune-Chakan,Metro Forgings & Stampings Ltd,27AABCM5678D1Z3,AABCM5678D,Maharashtra,Pimpri-Chinchwad,brackets,7326,5000,180,900000,18,81000.0,81000.0,1062000.0,196325834133,Yes,2025-06-02,Road,MH12PD6052,Yes,2025-06-03,Yes,5,6,18,stable,on_time,Repaid
SI/2401184,b7bf07317e7ef2a74c7ca1e59527a22ae33d227ab9b7819bd72538b98f5a4e0f,2025-12-13,INV,Sai Auto Components,27AABCS4444D1Z9,AABCS4444D,UDYAM-MH-02-0045678,Pune-Chakan,National Auto Accessories Ltd,27AABCN1234P1Z1,AABCN1234P,Maharashtra,Nashik,springs,7320,2000,25,50000,18,4500.0,4500.0,59000.0,520414989865,Yes,2025-12-13,Road,MH12EY2584,Yes,2025-12-14,Yes,3,6,32,stable,on_time,Repaid
SI/2401185,adfcccd6575082b58c4614e3300ef00ec0bbd8682903a4b7ea509df559b4cf99,2025-12-02,INV,Shree Ganesh Stampings,27AABCS1111A1Z5,AABCS1111A,UDYAM-MH-02-0012345,Pune-Chakan,Verma Udyog Pvt Ltd,27AABCV2345L1Z5,AABCV2345L,Maharashtra,Chakan,gaskets,8484,10000,45,450000,18,40500.0,40500.0,531000.0,,No,,,,No,,No,1,6,68,declining,very_late,Repaid
SI/2401186,de22b8376194774d3149df72541bbfc3c121611b4c642f925b9c7b5075c27be2,2025-05-25,INV,Jay Bhavani Engineering,27AABCJ3333C1Z1,AABCJ3333C,UDYAM-MH-02-0034567,Pimpri-Chinchwad,Metro Forgings & Stampings Ltd,27AABCM5678D1Z3,AABCM5678D,Maharashtra,Pimpri-Chinchwad,gaskets,8484,500,35,17500,18,1575.0,1575.0,20650.0,985673324276,Yes,2025-05-25,Road,MH14TI6238,Yes,2025-05-25,Yes,5,6,17,stable,on_time,Repaid
SI/2401187,2ba6d1990605dad6649282157dbaae8768352836ddb4feed7f4ac9a7bfca8435,2025-12-11,INV,Shree Ganesh Stampings,27AABCS1111A1Z5,AABCS1111A,UDYAM-MH-02-0012345,Pune-Chakan,Metro Forgings & Stampings Ltd,27AABCM5678D1Z3,AABCM5678D,Maharashtra,Pimpri-Chinchwad,gaskets,8484,10000,120,1200000,18,108000.0,108000.0,1416000.0,604743217364,Yes,2025-12-11,Road,MH12NE3428,No,,Yes,4,6,5,stable,on_time,Repaid
SI/2401188,aefc775adb942861fcd72245fc2569cfc94d425aeb79973d7b686cc82bdefc10,2025-08-28,INV,Gurukrupa Metal Works,27AABCG5555E1Z7,AABCG5555E,UDYAM-MH-02-0056789,Chakan,Metro Forgings & Stampings Ltd,27AABCM5678D1Z3,AABCM5678D,Maharashtra,Pimpri-Chinchwad,stampings,7326,10000,25,250000,18,22500.0,22500.0,295000.0,389527568106,Yes,2025-08-28,Road,MH02BM6431,Yes,2025-08-28,Yes,4,6,19,stable,on_time,Repaid
SI/2401189,c3fa9726420c39ae21d1e55dc909140d8b4fa8e9e6856b530de59802bfdd4950,2025-04-11,INV,Mahalaxmi Precision Parts,27AABCM2222B1Z3,AABCM2222B,UDYAM-MH-02-0023456,Pune-Chakan,Anchor Auto Components Pvt Ltd,27AABCA1234B1Z5,AABCA1234B,Maharashtra,Chakan,springs,7320,2000,85,170000,18,15300.0,15300.0,200600.0,440604027507,Yes,2025-04-11,Road,MH04XO6257,Yes,2025-04-12,Yes,4,6,0,growing,on_time,Repaid
SI/2401190,57c6579d2b627d096575914fe9e1329aab216df6fab454de9cb4fcaeb465ec1f,2025-07-27,INV,Jay Bhavani Engineering,27AABCJ3333C1Z1,AABCJ3333C,UDYAM-MH-02-0034567,Pimpri-Chinchwad,Precision Parts Manufacturing,27AABCP6789N1Z3,AABCP6789N,Maharashtra,Chakan,stampings,7326,1000,180,180000,18,16200.0,16200.0,212400.0,935304396697,Yes,2025-07-27,Road,MH02EY9589,Yes,2025-07-28,Yes,4,6,11,growing,on_time,Repaid
SI/2401191,0523a843f222ba263f20e639cceb251346bc978f822b9e3d8cd63f525daf431c,2025-04-08,INV,Gurukrupa Metal Works,27AABCG5555E1Z7,AABCG5555E,UDYAM-MH-02-0056789,Chakan,Anchor Auto Components Pvt Ltd,27AABCA1234B1Z5,AABCA1234B,Maharashtra,Chakan,forgings,7207,1000,45,45000,18,4050.0,4050.0,53100.0,874641912451,Yes,2025-04-08,Road,MH12HL9008,Yes,2025-04-09,Yes,4,6,7,growing,on_time,Repaid
SI/2401192,56365dcacc739c5dfed6fae34e935faeaf4972d0dfaf1361efd9094cac78bf7a,2025-09-06,INV,Gurukrupa Metal Works,27AABCG5555E1Z7,AABCG5555E,UDYAM-MH-02-0056789,Chakan,National Auto Accessories Ltd,27AABCN1234P1Z1,AABCN1234P,Maharashtra,Nashik,forgings,7207,5000,85,425000,18,38250.0,38250.0,501500.0,921449689442,Yes,2025-09-06,Road,MH14HU4688,No,,Yes,4,6,30,stable,on_time,Repaid
SI/2401193,b65f4b7ca1bc3ddfc2cad7daa65494f974ef501e85d9f4ccc05bcee4c50f854c,2025-04-16,INV,Mahalaxmi Precision Parts,27AABCM2222B1Z3,AABCM2222B,UDYAM-MH-02-0023456,Pune-Chakan,Shakti Castings & Alloys,27AABCS7890J1Z7,AABCS7890J,Maharashtra,Pune,gaskets,8484,10000,15,150000,18,13500.0,13500.0,177000.0,,No,,,,No,,No,2,6,47,declining,late,Defaulted
SI/2401194,35275d073ecac29a61009f655c0b2230a8e7eb9b437a4932ff4b5d6f5fcfe392,2025-07-15,INV,Sai Auto Components,27AABCS4444D1Z9,AABCS4444D,UDYAM-MH-02-0045678,Pune-Chakan,Precision Parts Manufacturing,27AABCP6789N1Z3,AABCP6789N,Maharashtra,Chakan,bushings,8483,5000,65,325000,18,29250.0,29250.0,383500.0,536470064679,Yes,2025-07-15,Road,MH04JV2771,Yes,2025-07-15,Yes,4,6,0,growing,on_time,Repaid
SI/2401195,88420b09fa4f2bd70cef93dc941cb245bc2efe7167e7e9214a0125b0e6af407b,2025-08-09,INV,Sai Auto Components,27AABCS4444D1Z9,AABCS4444D,UDYAM-MH-02-0045678,Pune-Chakan,Metro Forgings & Stampings Ltd,27AABCM5678D1Z3,AABCM5678D,Maharashtra,Pimpri-Chinchwad,bushings,8483,2000,85,170000,18,15300.0,15300.0,200600.0,429215541680,Yes,2025-08-09,Road,MH04VE1417,Yes,2025-08-09,No,5,6,1,stable,on_time,Repaid
SI/2401196,34b017ad285992b6a213ccbd75f3d51afd3f67d45df28404b91eaa13b0164a83,2025-10-24,INV,Sai Auto Components,27AABCS4444D1Z9,AABCS4444D,UDYAM-MH-02-0045678,Pune-Chakan,Shakti Castings & Alloys,27AABCS7890J1Z7,AABCS7890J,Maharashtra,Pune,fasteners,7318,5000,120,600000,18,54000.0,54000.0,708000.0,995810101102,Yes,2025-10-24,Road,MH04QJ3785,Yes,2025-10-24,No,2,6,39,declining,late,Repaid
SI/2401197,9bd089c08aae90fd8ef520531236b3211db4bd759eeb20bcdcfb2298780d908f,2025-06-24,INV,Gurukrupa Metal Works,27AABCG5555E1Z7,AABCG5555E,UDYAM-MH-02-0056789,Chakan,Reliable Engineering Works,27AABCR9012F1Z1,AABCR9012F,Maharashtra,Pune,fasteners,7318,500,180,90000,18,8100.0,8100.0,106200.0,717652133800,Yes,2025-06-24,Road,MH04HX6031,No,,Yes,4,6,13,stable,on_time,Defaulted
SI/2401198,cb3e2ea708e6fbfa757e4beb4a13532eb028fa70e41891fba1723037e6bc237a,2025-11-28,INV,Sai Auto Components,27AABCS4444D1Z9,AABCS4444D,UDYAM-MH-02-0045678,Pune-Chakan,Verma Udyog Pvt Ltd,27AABCV2345L1Z5,AABCV2345L,Maharashtra,Chakan,bushings,8483,2000,65,130000,18,11700.0,11700.0,153400.0,742674840367,Yes,2025-11-28,Road,MH02QJ7768,No,,No,1,6,63,declining,very_late,Defaulted
SI/2401199,c6eaa6a07621a610d967aba511f20517f7744fc047a125486a3248254b62b14a,2025-10-19,INV,Shree Ganesh Stampings,27AABCS1111A1Z5,AABCS1111A,UDYAM-MH-02-0012345,Pune-Chakan,Reliable Engineering Works,27AABCR9012F1Z1,AABCR9012F,Maharashtra,Pune,forgings,7207,1000,85,85000,18,7650.0,7650.0,100300.0,606748799930,Yes,2025-10-19,Road,MH12AO5481,Yes,2025-10-19,Yes,3,6,23,stable,on_time,Repaid
SI/2401200,99c30242896b908584aceb12bd97341a2daa195d34c95214fbe9892da1042ba7,2025-06-20,INV,Mahalaxmi Precision Parts,27AABCM2222B1Z3,AABCM2222B,UDYAM-MH-02-0023456,Pune-Chakan,Reliable Engineering Works,27AABCR9012F1Z1,AABCR9012F,Maharashtra,Pune,forgings,7207,5000,25,125000,18,11250.0,11250.0,147500.0,544225932197,Yes,2025-06-20,Road,MH12KY9700,Yes,2025-06-21,Yes,5,6,23,stable,on_time,Repaid
